#,Coin,Price,24h,1h,7d,Market Cap,24h Volume,Timestamp
1,Bitcoin BTC,"$107,379",-2.57%,-1.48%,0.40%,$2.1 T,$29.1 bn,2025-05-28 19:38:23
2,Ethereum ETH,"$2,638",-1.07%,-1.15%,3.68%,$317.9 bn,$16.7 bn,2025-05-28 19:38:23
3,Tether USDT,$1.00,0.03%,0.09%,0.22%,$139.5 bn,$57.4 bn,2025-05-28 19:38:23
4,XRP XRP,$2.26,-3.32%,-2.12%,-4.10%,$130.5 bn,$1.7 bn,2025-05-28 19:38:23
5,Binance Coin BNB,$683.70,-1.01%,-0.58%,3.59%,$114 bn,$895.7 m,2025-05-28 19:38:23
6,Solana SOL,$170.32,-4.56%,-2.55%,0.35%,$82.9 bn,$3.1 bn,2025-05-28 19:38:23
7,USD Coin USDC,$1.00,0.00%,0.00%,0.00%,$52.2 bn,$6.2 bn,2025-05-28 19:38:23
8,Dogecoin DOGE,$0.2200,-3.90%,-1.82%,-4.02%,$32.9 bn,$1.1 bn,2025-05-28 19:38:23
9,Cardano ADA,$0.7456,-2.92%,-1.75%,-1.15%,$26.2 bn,$464.6 m,2025-05-28 19:38:23
10,Lido Staked Ether STETH,"$2,638",-0.96%,-1.08%,3.82%,$24.3 bn,$13.4 m,2025-05-28 19:38:23
1,Bitcoin BTC,"$107,379",-2.57%,-1.48%,0.40%,$2.1 T,$29.1 bn,2025-05-28 19:38:29
2,Ethereum ETH,"$2,638",-1.07%,-1.15%,3.68%,$317.9 bn,$16.7 bn,2025-05-28 19:38:29
3,Tether USDT,$1.00,0.03%,0.09%,0.22%,$139.5 bn,$57.4 bn,2025-05-28 19:38:29
4,XRP XRP,$2.26,-3.32%,-2.12%,-4.10%,$130.5 bn,$1.7 bn,2025-05-28 19:38:29
5,Binance Coin BNB,$683.70,-1.01%,-0.58%,3.59%,$114 bn,$895.7 m,2025-05-28 19:38:29
6,Solana SOL,$170.32,-4.56%,-2.55%,0.35%,$82.9 bn,$3.1 bn,2025-05-28 19:38:29
7,USD Coin USDC,$1.00,0.00%,0.00%,0.00%,$52.2 bn,$6.2 bn,2025-05-28 19:38:29
8,Dogecoin DOGE,$0.2200,-3.90%,-1.82%,-4.02%,$32.9 bn,$1.1 bn,2025-05-28 19:38:29
9,Cardano ADA,$0.7456,-2.92%,-1.75%,-1.15%,$26.2 bn,$464.6 m,2025-05-28 19:38:29
10,Lido Staked Ether STETH,"$2,638",-0.96%,-1.08%,3.82%,$24.3 bn,$13.4 m,2025-05-28 19:38:29
1,Bitcoin BTC,"$106,376",-1.07%,-1.21%,-4.52%,$2.1 T,$33.3 bn,2025-05-29 20:51:14
2,Ethereum ETH,"$2,652",0.07%,-0.37%,0.65%,$319.6 bn,$22.1 bn,2025-05-29 20:51:14
3,Tether USDT,$1.00,-0.10%,0.03%,0.08%,$139.3 bn,$65.7 bn,2025-05-29 20:51:14
4,XRP XRP,$2.27,1.38%,-0.68%,-5.75%,$131.1 bn,$2 bn,2025-05-29 20:51:14
5,Binance Coin BNB,$678.44,-0.98%,-0.83%,-0.67%,$113.2 bn,$974 m,2025-05-29 20:51:14
6,Solana SOL,$168.35,-1.34%,-1.51%,-4.84%,$81.9 bn,$2.9 bn,2025-05-29 20:51:14
7,USD Coin USDC,$1.00,0.00%,0.00%,-0.01%,$52.2 bn,$6.8 bn,2025-05-29 20:51:14
8,Dogecoin DOGE,$0.2188,-0.19%,-1.24%,-8.89%,$32.7 bn,$1.2 bn,2025-05-29 20:51:14
9,Cardano ADA,$0.7340,-1.51%,-1.27%,-7.01%,$25.8 bn,$538.6 m,2025-05-29 20:51:14
10,Lido Staked Ether STETH,"$2,649",0.05%,-0.52%,0.79%,$24.4 bn,$24.3 m,2025-05-29 20:51:14
1,Bitcoin BTC,"$105,271",-1.64%,-0.19%,-5.09%,$2.1 T,$35.9 bn,2025-05-30 19:26:18
2,Ethereum ETH,"$2,594",-2.19%,-0.35%,-4.24%,$312.5 bn,$18.6 bn,2025-05-30 19:26:18
3,Tether USDT,$1.00,0.22%,0.18%,0.56%,$139.6 bn,$73.3 bn,2025-05-30 19:26:18
4,XRP XRP,$2.18,-4.36%,-0.58%,-11.25%,$125.6 bn,$2.8 bn,2025-05-30 19:26:18
5,Binance Coin BNB,$667.41,-1.89%,-0.33%,-2.83%,$111.3 bn,$1 bn,2025-05-30 19:26:18
6,Solana SOL,$160.62,-5.37%,-1.21%,-12.59%,$78.2 bn,$3.6 bn,2025-05-30 19:26:18
7,USD Coin USDC,$1.00,0.00%,0.01%,-0.02%,$52.2 bn,$7.8 bn,2025-05-30 19:26:18
8,Dogecoin DOGE,$0.2012,-8.50%,-1.13%,-18.77%,$30 bn,$1.9 bn,2025-05-30 19:26:18
9,Cardano ADA,$0.7007,-4.98%,-0.49%,-14.92%,$24.7 bn,$751.2 m,2025-05-30 19:26:18
10,Lido Staked Ether STETH,"$2,589",-2.21%,-0.43%,-4.40%,$23.9 bn,$25 m,2025-05-30 19:26:18
1,Bitcoin BTC,"$105,143",-1.67%,-0.26%,-5.11%,$2.1 T,$35.9 bn,2025-05-30 19:32:41
2,Ethereum ETH,"$2,587",-2.32%,-0.22%,-4.38%,$311.7 bn,$18.6 bn,2025-05-30 19:32:41
3,Tether USDT,$1.00,0.21%,0.22%,0.48%,$139.7 bn,$73.2 bn,2025-05-30 19:32:41
4,XRP XRP,$2.17,-4.67%,-0.77%,-11.36%,$125.2 bn,$2.8 bn,2025-05-30 19:32:41
5,Binance Coin BNB,$666.55,-1.96%,-0.38%,-2.89%,$111.2 bn,$1 bn,2025-05-30 19:32:41
6,Solana SOL,$160.04,-5.58%,-1.29%,-12.66%,$77.9 bn,$3.6 bn,2025-05-30 19:32:41
7,USD Coin USDC,$1.00,0.01%,0.01%,-0.02%,$52.2 bn,$7.8 bn,2025-05-30 19:32:41
8,Dogecoin DOGE,$0.2002,-8.77%,-1.42%,-18.91%,$29.9 bn,$1.9 bn,2025-05-30 19:32:41
9,Cardano ADA,$0.6980,-5.31%,-0.68%,-15.02%,$24.6 bn,$749.1 m,2025-05-30 19:32:41
10,Lido Staked Ether STETH,"$2,581",-2.40%,-0.52%,-4.59%,$23.8 bn,$24.9 m,2025-05-30 19:32:41
1,Bitcoin BTC,"$105,143",-1.67%,-0.26%,-5.11%,$2.1 T,$35.9 bn,2025-05-30 19:33:00
2,Ethereum ETH,"$2,587",-2.32%,-0.22%,-4.38%,$311.7 bn,$18.6 bn,2025-05-30 19:33:00
3,Tether USDT,$1.00,0.21%,0.22%,0.48%,$139.7 bn,$73.2 bn,2025-05-30 19:33:00
4,XRP XRP,$2.17,-4.67%,-0.77%,-11.36%,$125.2 bn,$2.8 bn,2025-05-30 19:33:00
5,Binance Coin BNB,$666.55,-1.96%,-0.38%,-2.89%,$111.2 bn,$1 bn,2025-05-30 19:33:00
6,Solana SOL,$160.04,-5.58%,-1.29%,-12.66%,$77.9 bn,$3.6 bn,2025-05-30 19:33:00
7,USD Coin USDC,$1.00,0.01%,0.01%,-0.02%,$52.2 bn,$7.8 bn,2025-05-30 19:33:00
8,Dogecoin DOGE,$0.2002,-8.77%,-1.42%,-18.91%,$29.9 bn,$1.9 bn,2025-05-30 19:33:00
9,Cardano ADA,$0.6980,-5.31%,-0.68%,-15.02%,$24.6 bn,$749.1 m,2025-05-30 19:33:00
10,Lido Staked Ether STETH,"$2,581",-2.40%,-0.52%,-4.59%,$23.8 bn,$24.9 m,2025-05-30 19:33:00
1,Bitcoin BTC,"$104,094",-2.42%,-1.66%,-6.05%,$2.1 T,$37.3 bn,2025-05-30 20:51:34
2,Ethereum ETH,"$2,549",-4.08%,-1.76%,-5.29%,$307.1 bn,$19.3 bn,2025-05-30 20:51:34
3,Tether USDT,$1.00,0.07%,0.03%,0.27%,$139.5 bn,$77.5 bn,2025-05-30 20:51:34
4,XRP XRP,$2.17,-5.10%,-0.82%,-11.50%,$125 bn,$3 bn,2025-05-30 20:51:34
5,Binance Coin BNB,$662.67,-2.52%,-1.29%,-3.68%,$110.5 bn,$1.1 bn,2025-05-30 20:51:34
6,Solana SOL,$158.53,-6.05%,-2.36%,-12.75%,$77.1 bn,$3.8 bn,2025-05-30 20:51:34
7,USD Coin USDC,$1.00,0.00%,0.01%,-0.01%,$52.2 bn,$8.3 bn,2025-05-30 20:51:34
8,Dogecoin DOGE,$0.1971,-10.64%,-3.38%,-20.18%,$29.4 bn,$2.1 bn,2025-05-30 20:51:34
9,Cardano ADA,$0.6960,-5.71%,-0.97%,-15.33%,$24.5 bn,$804.9 m,2025-05-30 20:51:34
10,Lido Staked Ether STETH,"$2,545",-4.22%,-1.72%,-5.40%,$23.5 bn,$26.2 m,2025-05-30 20:51:34
1,Bitcoin BTC,"$104,094",-2.27%,-1.69%,-6.04%,$2.1 T,$37.1 bn,2025-05-30 20:52:08
2,Ethereum ETH,"$2,547",-4.17%,-1.79%,-5.33%,$306.8 bn,$19.2 bn,2025-05-30 20:52:08
3,Tether USDT,$1.00,0.09%,0.04%,0.31%,$139.5 bn,$77.2 bn,2025-05-30 20:52:08
4,XRP XRP,$2.17,-5.15%,-0.79%,-11.54%,$124.9 bn,$3 bn,2025-05-30 20:52:08
5,Binance Coin BNB,$662.06,-2.60%,-1.36%,-3.80%,$110.4 bn,$1.1 bn,2025-05-30 20:52:08
6,Solana SOL,$158.24,-6.30%,-2.44%,-12.90%,$77 bn,$3.8 bn,2025-05-30 20:52:08
7,USD Coin USDC,$1.00,0.01%,0.02%,-0.01%,$52.2 bn,$8.3 bn,2025-05-30 20:52:08
8,Dogecoin DOGE,$0.1967,-10.70%,-3.49%,-20.34%,$29.4 bn,$2 bn,2025-05-30 20:52:08
9,Cardano ADA,$0.6947,-5.86%,-1.05%,-15.43%,$24.4 bn,$800.6 m,2025-05-30 20:52:08
10,Lido Staked Ether STETH,"$2,543",-4.28%,-1.81%,-5.46%,$23.4 bn,$26.1 m,2025-05-30 20:52:08
1,Bitcoin BTC,"$104,094",-2.27%,-1.69%,-6.04%,$2.1 T,$37.1 bn,2025-05-30 20:53:18
2,Ethereum ETH,"$2,547",-4.17%,-1.79%,-5.33%,$306.8 bn,$19.2 bn,2025-05-30 20:53:18
3,Tether USDT,$1.00,0.09%,0.04%,0.31%,$139.5 bn,$77.2 bn,2025-05-30 20:53:18
4,XRP XRP,$2.17,-5.15%,-0.79%,-11.54%,$124.9 bn,$3 bn,2025-05-30 20:53:18
5,Binance Coin BNB,$662.06,-2.60%,-1.36%,-3.80%,$110.4 bn,$1.1 bn,2025-05-30 20:53:18
6,Solana SOL,$158.24,-6.30%,-2.44%,-12.90%,$77 bn,$3.8 bn,2025-05-30 20:53:18
7,USD Coin USDC,$1.00,0.01%,0.02%,-0.01%,$52.2 bn,$8.3 bn,2025-05-30 20:53:18
8,Dogecoin DOGE,$0.1967,-10.70%,-3.49%,-20.34%,$29.4 bn,$2 bn,2025-05-30 20:53:18
9,Cardano ADA,$0.6947,-5.86%,-1.05%,-15.43%,$24.4 bn,$800.6 m,2025-05-30 20:53:18
10,Lido Staked Ether STETH,"$2,543",-4.28%,-1.81%,-5.46%,$23.4 bn,$26.1 m,2025-05-30 20:53:18
1,Bitcoin BTC,"$104,089",-2.39%,-1.62%,-6.04%,$2.1 T,$37 bn,2025-05-30 20:53:28
2,Ethereum ETH,"$2,545",-4.30%,-1.73%,-5.42%,$306.6 bn,$19.2 bn,2025-05-30 20:53:28
3,Tether USDT,$1.00,0.08%,0.06%,0.31%,$139.5 bn,$77.1 bn,2025-05-30 20:53:28
4,XRP XRP,$2.17,-5.18%,-0.59%,-11.59%,$124.9 bn,$3 bn,2025-05-30 20:53:28
5,Binance Coin BNB,$662.00,-2.65%,-1.24%,-3.86%,$110.4 bn,$1.1 bn,2025-05-30 20:53:28
6,Solana SOL,$158.07,-6.52%,-2.41%,-13.00%,$76.9 bn,$3.8 bn,2025-05-30 20:53:28
7,USD Coin USDC,$1.00,0.01%,0.01%,-0.01%,$52.2 bn,$8.3 bn,2025-05-30 20:53:28
8,Dogecoin DOGE,$0.1966,-10.76%,-3.19%,-20.51%,$29.4 bn,$2 bn,2025-05-30 20:53:28
9,Cardano ADA,$0.6943,-5.97%,-0.90%,-15.51%,$24.4 bn,$799.2 m,2025-05-30 20:53:28
10,Lido Staked Ether STETH,"$2,541",-4.27%,-1.70%,-5.49%,$23.4 bn,$26.1 m,2025-05-30 20:53:28
1,Bitcoin BTC,"$104,222",-2.02%,-1.23%,-5.97%,$2.1 T,$36.9 bn,2025-05-30 21:02:21
2,Ethereum ETH,"$2,550",-4.12%,-1.11%,-5.43%,$307.2 bn,$19.2 bn,2025-05-30 21:02:21
3,Tether USDT,$1.00,0.11%,0.06%,0.36%,$139.6 bn,$77.1 bn,2025-05-30 21:02:21
4,XRP XRP,$2.17,-4.85%,0.13%,-11.48%,$125.2 bn,$3 bn,2025-05-30 21:02:21
5,Binance Coin BNB,$662.25,-2.42%,-0.88%,-3.81%,$110.5 bn,$1.1 bn,2025-05-30 21:02:21
6,Solana SOL,$158.37,-6.19%,-1.58%,-12.93%,$77.1 bn,$3.8 bn,2025-05-30 21:02:21
7,USD Coin USDC,$1.00,0.00%,0.00%,0.00%,$52.2 bn,$8.3 bn,2025-05-30 21:02:21
8,Dogecoin DOGE,$0.1970,-10.49%,-2.48%,-20.48%,$29.4 bn,$2.1 bn,2025-05-30 21:02:21
9,Cardano ADA,$0.6959,-5.66%,-0.35%,-15.37%,$24.5 bn,$802 m,2025-05-30 21:02:21
10,Lido Staked Ether STETH,"$2,545",-4.20%,-1.19%,-5.58%,$23.5 bn,$26.1 m,2025-05-30 21:02:21
1,Bitcoin BTC,"$104,189",-2.03%,-1.31%,-5.98%,$2.1 T,$36.9 bn,2025-05-30 21:06:12
2,Ethereum ETH,"$2,551",-4.13%,-1.24%,-5.39%,$307.3 bn,$19.2 bn,2025-05-30 21:06:12
3,Tether USDT,$1.00,0.13%,0.07%,0.38%,$139.6 bn,$77.2 bn,2025-05-30 21:06:12
4,XRP XRP,$2.18,-4.75%,0.24%,-11.41%,$125.4 bn,$3 bn,2025-05-30 21:06:12
5,Binance Coin BNB,$662.35,-2.42%,-0.86%,-3.85%,$110.5 bn,$1.1 bn,2025-05-30 21:06:12
6,Solana SOL,$158.56,-6.09%,-1.41%,-12.83%,$77.2 bn,$3.8 bn,2025-05-30 21:06:12
7,USD Coin USDC,$1.00,0.00%,-0.01%,-0.01%,$52.2 bn,$8.3 bn,2025-05-30 21:06:12
8,Dogecoin DOGE,$0.1971,-10.48%,-2.51%,-20.47%,$29.4 bn,$2.1 bn,2025-05-30 21:06:12
9,Cardano ADA,$0.6976,-5.39%,-0.15%,-15.27%,$24.5 bn,$804 m,2025-05-30 21:06:12
10,Lido Staked Ether STETH,"$2,545",-4.25%,-1.31%,-5.47%,$23.5 bn,$26.1 m,2025-05-30 21:06:12
1,Bitcoin BTC,"$104,115",-2.10%,-1.49%,-6.04%,$2.1 T,$36.7 bn,2025-05-30 21:10:54
2,Ethereum ETH,"$2,550",-4.29%,-1.39%,-5.24%,$307.3 bn,$19.2 bn,2025-05-30 21:10:54
3,Tether USDT,$1.00,0.15%,0.05%,0.36%,$139.6 bn,$77.2 bn,2025-05-30 21:10:54
4,XRP XRP,$2.18,-4.62%,0.13%,-11.12%,$125.7 bn,$3 bn,2025-05-30 21:10:54
5,Binance Coin BNB,$662.14,-2.52%,-1.12%,-3.96%,$110.4 bn,$1.1 bn,2025-05-30 21:10:54
6,Solana SOL,$158.46,-6.20%,-1.73%,-12.85%,$77.1 bn,$3.8 bn,2025-05-30 21:10:54
7,USD Coin USDC,$1.00,0.00%,0.01%,0.00%,$52.2 bn,$8.4 bn,2025-05-30 21:10:54
8,Dogecoin DOGE,$0.1971,-10.68%,-2.87%,-20.38%,$29.4 bn,$2.1 bn,2025-05-30 21:10:54
9,Cardano ADA,$0.6997,-5.14%,-0.25%,-14.92%,$24.6 bn,$807.7 m,2025-05-30 21:10:54
10,Lido Staked Ether STETH,"$2,546",-4.29%,-1.46%,-5.42%,$23.5 bn,$26 m,2025-05-30 21:10:54
1,Bitcoin BTC,"$104,115",-2.10%,-1.49%,-6.04%,$2.1 T,$36.7 bn,2025-05-30 21:11:40
2,Ethereum ETH,"$2,550",-4.29%,-1.39%,-5.24%,$307.3 bn,$19.2 bn,2025-05-30 21:11:40
3,Tether USDT,$1.00,0.15%,0.05%,0.36%,$139.6 bn,$77.2 bn,2025-05-30 21:11:40
4,XRP XRP,$2.18,-4.62%,0.13%,-11.12%,$125.7 bn,$3 bn,2025-05-30 21:11:40
5,Binance Coin BNB,$662.14,-2.52%,-1.12%,-3.96%,$110.4 bn,$1.1 bn,2025-05-30 21:11:40
6,Solana SOL,$158.46,-6.20%,-1.73%,-12.85%,$77.1 bn,$3.8 bn,2025-05-30 21:11:40
7,USD Coin USDC,$1.00,0.00%,0.01%,0.00%,$52.2 bn,$8.4 bn,2025-05-30 21:11:40
8,Dogecoin DOGE,$0.1971,-10.68%,-2.87%,-20.38%,$29.4 bn,$2.1 bn,2025-05-30 21:11:40
9,Cardano ADA,$0.6997,-5.14%,-0.25%,-14.92%,$24.6 bn,$807.7 m,2025-05-30 21:11:40
10,Lido Staked Ether STETH,"$2,546",-4.29%,-1.46%,-5.42%,$23.5 bn,$26 m,2025-05-30 21:11:40
1,Bitcoin BTC,"$104,115",-2.10%,-1.49%,-6.04%,$2.1 T,$36.7 bn,2025-05-30 21:11:45
2,Ethereum ETH,"$2,550",-4.29%,-1.39%,-5.24%,$307.3 bn,$19.2 bn,2025-05-30 21:11:45
3,Tether USDT,$1.00,0.15%,0.05%,0.36%,$139.6 bn,$77.2 bn,2025-05-30 21:11:45
4,XRP XRP,$2.18,-4.62%,0.13%,-11.12%,$125.7 bn,$3 bn,2025-05-30 21:11:45
5,Binance Coin BNB,$662.14,-2.52%,-1.12%,-3.96%,$110.4 bn,$1.1 bn,2025-05-30 21:11:45
6,Solana SOL,$158.46,-6.20%,-1.73%,-12.85%,$77.1 bn,$3.8 bn,2025-05-30 21:11:45
7,USD Coin USDC,$1.00,0.00%,0.01%,0.00%,$52.2 bn,$8.4 bn,2025-05-30 21:11:45
8,Dogecoin DOGE,$0.1971,-10.68%,-2.87%,-20.38%,$29.4 bn,$2.1 bn,2025-05-30 21:11:45
9,Cardano ADA,$0.6997,-5.14%,-0.25%,-14.92%,$24.6 bn,$807.7 m,2025-05-30 21:11:45
10,Lido Staked Ether STETH,"$2,546",-4.29%,-1.46%,-5.42%,$23.5 bn,$26 m,2025-05-30 21:11:45
1,Bitcoin BTC,"$104,712",-1.49%,-0.71%,-5.38%,$2.1 T,$36.9 bn,2025-05-30 21:49:50
2,Ethereum ETH,"$2,572",-2.93%,-0.92%,-3.50%,$309.9 bn,$19.4 bn,2025-05-30 21:49:50
3,Tether USDT,$1.00,0.25%,0.01%,0.42%,$139.6 bn,$77.9 bn,2025-05-30 21:49:50
4,XRP XRP,$2.20,-3.48%,0.54%,-9.61%,$126.6 bn,$3 bn,2025-05-30 21:49:50
5,Binance Coin BNB,$665.46,-1.72%,-0.57%,-2.81%,$111 bn,$1.1 bn,2025-05-30 21:49:50
6,Solana SOL,$160.30,-4.57%,-0.80%,-11.35%,$78 bn,$3.9 bn,2025-05-30 21:49:50
7,USD Coin USDC,$1.00,0.01%,0.00%,-0.01%,$52.2 bn,$8.3 bn,2025-05-30 21:49:50
8,Dogecoin DOGE,$0.1998,-8.66%,-1.52%,-18.20%,$29.8 bn,$2.1 bn,2025-05-30 21:49:50
9,Cardano ADA,$0.7058,-3.43%,0.48%,-12.97%,$24.8 bn,$820.7 m,2025-05-30 21:49:50
10,Lido Staked Ether STETH,"$2,566",-3.11%,-1.00%,-3.74%,$23.7 bn,$22.9 m,2025-05-30 21:49:50
1,Bitcoin BTC,"$104,707",-1.40%,-0.64%,-5.20%,$2.1 T,$36.9 bn,2025-05-30 21:52:43
2,Ethereum ETH,"$2,573",-2.94%,-0.85%,-3.20%,$309.9 bn,$19.4 bn,2025-05-30 21:52:43
3,Tether USDT,$1.00,0.21%,0.09%,0.49%,$139.6 bn,$77.9 bn,2025-05-30 21:52:43
4,XRP XRP,$2.20,-3.38%,0.71%,-9.26%,$126.7 bn,$3 bn,2025-05-30 21:52:43
5,Binance Coin BNB,$665.63,-1.70%,-0.50%,-2.62%,$111 bn,$1.1 bn,2025-05-30 21:52:43
6,Solana SOL,$160.34,-4.59%,-0.67%,-11.06%,$78 bn,$3.9 bn,2025-05-30 21:52:43
7,USD Coin USDC,$1.00,0.00%,0.00%,-0.01%,$52.2 bn,$8.3 bn,2025-05-30 21:52:43
8,Dogecoin DOGE,$0.1999,-8.62%,-1.36%,-17.78%,$29.9 bn,$2.1 bn,2025-05-30 21:52:43
9,Cardano ADA,$0.7060,-3.49%,0.67%,-12.61%,$24.8 bn,$820.7 m,2025-05-30 21:52:43
10,Lido Staked Ether STETH,"$2,568",-3.00%,-0.90%,-3.46%,$23.7 bn,$22.9 m,2025-05-30 21:52:43
1,Bitcoin BTC,"$104,703",-1.43%,-0.62%,-5.19%,$2.1 T,$37 bn,2025-05-30 21:55:23
2,Ethereum ETH,"$2,572",-3.02%,-0.84%,-3.15%,$309.9 bn,$19.4 bn,2025-05-30 21:55:23
3,Tether USDT,$1.00,0.20%,0.09%,0.52%,$139.6 bn,$78 bn,2025-05-30 21:55:23
4,XRP XRP,$2.20,-3.43%,0.87%,-9.06%,$126.7 bn,$3 bn,2025-05-30 21:55:23
5,Binance Coin BNB,$665.48,-1.75%,-0.48%,-2.56%,$111 bn,$1.1 bn,2025-05-30 21:55:23
6,Solana SOL,$160.26,-4.72%,-0.60%,-11.08%,$78 bn,$3.9 bn,2025-05-30 21:55:23
7,USD Coin USDC,$1.00,0.00%,0.01%,-0.01%,$52.2 bn,$8.3 bn,2025-05-30 21:55:23
8,Dogecoin DOGE,$0.1998,-8.78%,-1.21%,-17.71%,$29.8 bn,$2.1 bn,2025-05-30 21:55:23
9,Cardano ADA,$0.7058,-3.70%,0.82%,-12.40%,$24.8 bn,$820.3 m,2025-05-30 21:55:23
10,Lido Staked Ether STETH,"$2,568",-3.15%,-0.86%,-3.39%,$23.7 bn,$22.9 m,2025-05-30 21:55:23
1,Bitcoin BTC,"$104,703",-1.43%,-0.62%,-5.19%,$2.1 T,$37 bn,2025-05-30 21:55:31
2,Ethereum ETH,"$2,572",-3.02%,-0.84%,-3.15%,$309.9 bn,$19.4 bn,2025-05-30 21:55:31
3,Tether USDT,$1.00,0.20%,0.09%,0.52%,$139.6 bn,$78 bn,2025-05-30 21:55:31
4,XRP XRP,$2.20,-3.43%,0.87%,-9.06%,$126.7 bn,$3 bn,2025-05-30 21:55:31
5,Binance Coin BNB,$665.48,-1.75%,-0.48%,-2.56%,$111 bn,$1.1 bn,2025-05-30 21:55:31
6,Solana SOL,$160.26,-4.72%,-0.60%,-11.08%,$78 bn,$3.9 bn,2025-05-30 21:55:31
7,USD Coin USDC,$1.00,0.00%,0.01%,-0.01%,$52.2 bn,$8.3 bn,2025-05-30 21:55:31
8,Dogecoin DOGE,$0.1998,-8.78%,-1.21%,-17.71%,$29.8 bn,$2.1 bn,2025-05-30 21:55:31
9,Cardano ADA,$0.7058,-3.70%,0.82%,-12.40%,$24.8 bn,$820.3 m,2025-05-30 21:55:31
10,Lido Staked Ether STETH,"$2,568",-3.15%,-0.86%,-3.39%,$23.7 bn,$22.9 m,2025-05-30 21:55:31
1,Bitcoin BTC,"$104,872",-0.98%,-0.51%,-5.12%,$2.1 T,$36.7 bn,2025-05-30 22:04:34
2,Ethereum ETH,"$2,577",-2.79%,-0.82%,-3.06%,$310.5 bn,$19.5 bn,2025-05-30 22:04:34
3,Tether USDT,$1.00,0.24%,0.12%,0.50%,$139.7 bn,$77.8 bn,2025-05-30 22:04:34
4,XRP XRP,$2.20,-3.13%,1.03%,-9.08%,$126.9 bn,$3.1 bn,2025-05-30 22:04:34
5,Binance Coin BNB,$666.32,-1.53%,-0.48%,-2.65%,$111.1 bn,$1.1 bn,2025-05-30 22:04:34
6,Solana SOL,$160.42,-4.48%,-0.44%,-11.33%,$78.1 bn,$3.9 bn,2025-05-30 22:04:34
7,USD Coin USDC,$1.00,0.02%,0.00%,-0.01%,$52.2 bn,$8.3 bn,2025-05-30 22:04:34
8,Dogecoin DOGE,$0.2003,-8.33%,-1.08%,-17.68%,$29.9 bn,$2.1 bn,2025-05-30 22:04:34
9,Cardano ADA,$0.7079,-3.06%,0.83%,-12.37%,$24.9 bn,$821.8 m,2025-05-30 22:04:34
10,Lido Staked Ether STETH,"$2,570",-3.01%,-0.98%,-3.33%,$23.7 bn,$22.9 m,2025-05-30 22:04:34
1,Bitcoin BTC,"$104,904",-1.04%,-0.57%,-5.16%,$2.1 T,$36.6 bn,2025-05-30 22:09:39
2,Ethereum ETH,"$2,582",-2.73%,-0.86%,-3.00%,$311.1 bn,$19.5 bn,2025-05-30 22:09:39
3,Tether USDT,$1.00,0.26%,0.09%,0.51%,$139.7 bn,$77.8 bn,2025-05-30 22:09:39
4,XRP XRP,$2.20,-3.13%,0.80%,-9.09%,$127 bn,$3 bn,2025-05-30 22:09:39
5,Binance Coin BNB,$666.15,-1.66%,-0.67%,-2.92%,$111.1 bn,$1.1 bn,2025-05-30 22:09:39
6,Solana SOL,$160.55,-4.52%,-0.63%,-11.57%,$78.1 bn,$3.9 bn,2025-05-30 22:09:39
7,USD Coin USDC,$1.00,0.01%,0.01%,-0.01%,$52.2 bn,$8.3 bn,2025-05-30 22:09:39
8,Dogecoin DOGE,$0.2005,-8.32%,-1.30%,-17.81%,$29.9 bn,$2.1 bn,2025-05-30 22:09:39
9,Cardano ADA,$0.7086,-2.89%,0.58%,-12.58%,$24.9 bn,$818.5 m,2025-05-30 22:09:39
10,Lido Staked Ether STETH,"$2,573",-2.96%,-1.01%,-3.31%,$23.7 bn,$22.9 m,2025-05-30 22:09:39
1,Bitcoin BTC,"$104,747",-1.11%,-0.78%,-5.35%,$2.1 T,$36.4 bn,2025-05-30 22:17:14
2,Ethereum ETH,"$2,576",-2.56%,-1.14%,-3.26%,$310.4 bn,$19.3 bn,2025-05-30 22:17:14
3,Tether USDT,$1.00,0.20%,-0.01%,0.46%,$139.6 bn,$77.5 bn,2025-05-30 22:17:14
4,XRP XRP,$2.20,-2.84%,0.51%,-9.45%,$126.8 bn,$3 bn,2025-05-30 22:17:14
5,Binance Coin BNB,$665.23,-1.68%,-0.78%,-3.17%,$111 bn,$1.1 bn,2025-05-30 22:17:14
6,Solana SOL,$160.20,-4.11%,-0.86%,-11.86%,$78 bn,$3.9 bn,2025-05-30 22:17:14
7,USD Coin USDC,$1.00,0.00%,0.01%,-0.01%,$52.2 bn,$8.2 bn,2025-05-30 22:17:14
8,Dogecoin DOGE,$0.1998,-8.17%,-1.55%,-18.35%,$29.8 bn,$2.1 bn,2025-05-30 22:17:14
9,Cardano ADA,$0.7079,-2.59%,0.47%,-12.90%,$24.9 bn,$812.2 m,2025-05-30 22:17:14
10,Lido Staked Ether STETH,"$2,569",-2.69%,-1.35%,-3.52%,$23.7 bn,$22.7 m,2025-05-30 22:17:14
1,Bitcoin BTC,"$105,779",1.22%,0.42%,-2.57%,$2.1 T,$26.7 bn,2025-06-03 17:34:44
2,Ethereum ETH,"$2,631",3.94%,0.55%,3.60%,$317 bn,$16.8 bn,2025-06-03 17:34:44
3,Tether USDT,$1.00,0.06%,-0.03%,-0.02%,$139.4 bn,$53.5 bn,2025-06-03 17:34:44
4,XRP XRP,$2.22,3.14%,0.98%,-3.13%,$128.1 bn,$1.8 bn,2025-06-03 17:34:44
5,Binance Coin BNB,$664.82,1.31%,-0.33%,-0.94%,$110.9 bn,$955.2 m,2025-06-03 17:34:44
6,Solana SOL,$160.99,4.82%,0.12%,-6.90%,$78.3 bn,$3.2 bn,2025-06-03 17:34:44
7,USD Coin USDC,$1.00,-0.02%,-0.02%,-0.03%,$52.2 bn,$5.4 bn,2025-06-03 17:34:44
8,Dogecoin DOGE,$0.1959,2.36%,0.16%,-12.55%,$29.2 bn,$937 m,2025-06-03 17:34:44
9,Cardano ADA,$0.6898,2.30%,-0.90%,-8.58%,$24.3 bn,$443.8 m,2025-06-03 17:34:44
10,Lido Staked Ether STETH,"$2,627",3.93%,0.60%,3.48%,$24.2 bn,$16.6 m,2025-06-03 17:34:44
1,Bitcoin BTC,"$105,769",1.09%,-0.05%,-3.04%,$2.1 T,$28.2 bn,2025-06-03 21:34:48
2,Ethereum ETH,"$2,615",2.20%,-0.65%,0.66%,$315 bn,$16.5 bn,2025-06-03 21:34:48
3,Tether USDT,$1.00,0.05%,0.02%,0.03%,$139.4 bn,$55.3 bn,2025-06-03 21:34:48
4,XRP XRP,$2.26,3.64%,1.47%,-2.17%,$130 bn,$2 bn,2025-06-03 21:34:48
5,Binance Coin BNB,$664.61,0.46%,-0.06%,-2.16%,$110.9 bn,$937.6 m,2025-06-03 21:34:48
6,Solana SOL,$160.56,3.74%,-0.32%,-7.96%,$78.1 bn,$3.2 bn,2025-06-03 21:34:48
7,USD Coin USDC,$1.00,-0.01%,0.00%,-0.03%,$52.2 bn,$5.8 bn,2025-06-03 21:34:48
8,Dogecoin DOGE,$0.1957,1.35%,-0.18%,-13.50%,$29.2 bn,$955.7 m,2025-06-03 21:34:48
9,Cardano ADA,$0.6883,1.56%,-0.25%,-9.58%,$24.2 bn,$453 m,2025-06-03 21:34:48
10,Lido Staked Ether STETH,"$2,609",2.26%,-0.71%,0.41%,$24.1 bn,$16.9 m,2025-06-03 21:34:48
1,Bitcoin BTC,"$105,882",1.38%,-0.05%,-2.97%,$2.1 T,$28.2 bn,2025-06-03 21:44:55
2,Ethereum ETH,"$2,616",2.48%,-0.63%,0.85%,$315.1 bn,$16.4 bn,2025-06-03 21:44:55
3,Tether USDT,$1.00,0.02%,-0.01%,0.02%,$139.4 bn,$55.2 bn,2025-06-03 21:44:55
4,XRP XRP,$2.26,3.83%,1.22%,-2.21%,$130 bn,$2 bn,2025-06-03 21:44:55
5,Binance Coin BNB,$663.61,0.49%,-0.23%,-2.49%,$110.7 bn,$935.7 m,2025-06-03 21:44:55
6,Solana SOL,$160.42,3.99%,-0.56%,-8.24%,$78.1 bn,$3.2 bn,2025-06-03 21:44:55
7,USD Coin USDC,$1.00,0.00%,0.00%,-0.03%,$52.2 bn,$5.8 bn,2025-06-03 21:44:55
8,Dogecoin DOGE,$0.1955,1.69%,-0.46%,-13.64%,$29.2 bn,$953.6 m,2025-06-03 21:44:55
9,Cardano ADA,$0.6877,1.64%,-0.70%,-9.73%,$24.2 bn,$451.9 m,2025-06-03 21:44:55
10,Lido Staked Ether STETH,"$2,609",2.38%,-0.80%,0.68%,$24.1 bn,$16.9 m,2025-06-03 21:44:55
1,Bitcoin BTC,"$105,882",1.38%,-0.05%,-2.97%,$2.1 T,$28.2 bn,2025-06-03 21:44:55
2,Ethereum ETH,"$2,616",2.48%,-0.63%,0.85%,$315.1 bn,$16.4 bn,2025-06-03 21:44:55
3,Tether USDT,$1.00,0.02%,-0.01%,0.02%,$139.4 bn,$55.2 bn,2025-06-03 21:44:55
4,XRP XRP,$2.26,3.83%,1.22%,-2.21%,$130 bn,$2 bn,2025-06-03 21:44:55
5,Binance Coin BNB,$663.61,0.49%,-0.23%,-2.49%,$110.7 bn,$935.7 m,2025-06-03 21:44:55
6,Solana SOL,$160.42,3.99%,-0.56%,-8.24%,$78.1 bn,$3.2 bn,2025-06-03 21:44:55
7,USD Coin USDC,$1.00,0.00%,0.00%,-0.03%,$52.2 bn,$5.8 bn,2025-06-03 21:44:55
8,Dogecoin DOGE,$0.1955,1.69%,-0.46%,-13.64%,$29.2 bn,$953.6 m,2025-06-03 21:44:55
9,Cardano ADA,$0.6877,1.64%,-0.70%,-9.73%,$24.2 bn,$451.9 m,2025-06-03 21:44:55
10,Lido Staked Ether STETH,"$2,609",2.38%,-0.80%,0.68%,$24.1 bn,$16.9 m,2025-06-03 21:44:55
1,Bitcoin BTC,"$105,882",1.38%,-0.05%,-2.97%,$2.1 T,$28.2 bn,2025-06-03 21:44:55
2,Ethereum ETH,"$2,616",2.48%,-0.63%,0.85%,$315.1 bn,$16.4 bn,2025-06-03 21:44:55
3,Tether USDT,$1.00,0.02%,-0.01%,0.02%,$139.4 bn,$55.2 bn,2025-06-03 21:44:55
4,XRP XRP,$2.26,3.83%,1.22%,-2.21%,$130 bn,$2 bn,2025-06-03 21:44:55
5,Binance Coin BNB,$663.61,0.49%,-0.23%,-2.49%,$110.7 bn,$935.7 m,2025-06-03 21:44:55
6,Solana SOL,$160.42,3.99%,-0.56%,-8.24%,$78.1 bn,$3.2 bn,2025-06-03 21:44:55
7,USD Coin USDC,$1.00,0.00%,0.00%,-0.03%,$52.2 bn,$5.8 bn,2025-06-03 21:44:55
8,Dogecoin DOGE,$0.1955,1.69%,-0.46%,-13.64%,$29.2 bn,$953.6 m,2025-06-03 21:44:55
9,Cardano ADA,$0.6877,1.64%,-0.70%,-9.73%,$24.2 bn,$451.9 m,2025-06-03 21:44:55
10,Lido Staked Ether STETH,"$2,609",2.38%,-0.80%,0.68%,$24.1 bn,$16.9 m,2025-06-03 21:44:55
1,Bitcoin BTC,"$105,953",1.45%,-0.01%,-2.91%,$2.1 T,$28.2 bn,2025-06-03 21:47:11
2,Ethereum ETH,"$2,617",2.56%,-0.56%,0.89%,$315.3 bn,$16.4 bn,2025-06-03 21:47:11
3,Tether USDT,$1.00,0.05%,0.00%,0.03%,$139.4 bn,$55.3 bn,2025-06-03 21:47:11
4,XRP XRP,$2.26,3.97%,1.31%,-2.13%,$130.1 bn,$2 bn,2025-06-03 21:47:11
5,Binance Coin BNB,$663.81,0.53%,-0.20%,-2.51%,$110.7 bn,$936 m,2025-06-03 21:47:11
6,Solana SOL,$160.50,4.08%,-0.52%,-8.22%,$78.1 bn,$3.2 bn,2025-06-03 21:47:11
7,USD Coin USDC,$1.00,0.01%,0.01%,-0.02%,$52.2 bn,$5.8 bn,2025-06-03 21:47:11
8,Dogecoin DOGE,$0.1957,1.86%,-0.35%,-13.54%,$29.2 bn,$954.9 m,2025-06-03 21:47:11
9,Cardano ADA,$0.6884,1.76%,-0.65%,-9.69%,$24.2 bn,$452.6 m,2025-06-03 21:47:11
10,Lido Staked Ether STETH,"$2,610",2.47%,-0.79%,0.70%,$24.1 bn,$16.8 m,2025-06-03 21:47:11
1,Bitcoin BTC,"$105,953",1.45%,-0.01%,-2.91%,$2.1 T,$28.2 bn,2025-06-03 21:47:11
2,Ethereum ETH,"$2,617",2.56%,-0.56%,0.89%,$315.3 bn,$16.4 bn,2025-06-03 21:47:11
3,Tether USDT,$1.00,0.05%,0.00%,0.03%,$139.4 bn,$55.3 bn,2025-06-03 21:47:11
4,XRP XRP,$2.26,3.97%,1.31%,-2.13%,$130.1 bn,$2 bn,2025-06-03 21:47:11
5,Binance Coin BNB,$663.81,0.53%,-0.20%,-2.51%,$110.7 bn,$936 m,2025-06-03 21:47:11
6,Solana SOL,$160.50,4.08%,-0.52%,-8.22%,$78.1 bn,$3.2 bn,2025-06-03 21:47:11
7,USD Coin USDC,$1.00,0.01%,0.01%,-0.02%,$52.2 bn,$5.8 bn,2025-06-03 21:47:11
8,Dogecoin DOGE,$0.1957,1.86%,-0.35%,-13.54%,$29.2 bn,$954.9 m,2025-06-03 21:47:11
9,Cardano ADA,$0.6884,1.76%,-0.65%,-9.69%,$24.2 bn,$452.6 m,2025-06-03 21:47:11
10,Lido Staked Ether STETH,"$2,610",2.47%,-0.79%,0.70%,$24.1 bn,$16.8 m,2025-06-03 21:47:11
1,Bitcoin BTC,"$105,953",1.45%,-0.01%,-2.91%,$2.1 T,$28.2 bn,2025-06-03 21:47:11
2,Ethereum ETH,"$2,617",2.56%,-0.56%,0.89%,$315.3 bn,$16.4 bn,2025-06-03 21:47:11
3,Tether USDT,$1.00,0.05%,0.00%,0.03%,$139.4 bn,$55.3 bn,2025-06-03 21:47:11
4,XRP XRP,$2.26,3.97%,1.31%,-2.13%,$130.1 bn,$2 bn,2025-06-03 21:47:11
5,Binance Coin BNB,$663.81,0.53%,-0.20%,-2.51%,$110.7 bn,$936 m,2025-06-03 21:47:11
6,Solana SOL,$160.50,4.08%,-0.52%,-8.22%,$78.1 bn,$3.2 bn,2025-06-03 21:47:11
7,USD Coin USDC,$1.00,0.01%,0.01%,-0.02%,$52.2 bn,$5.8 bn,2025-06-03 21:47:11
8,Dogecoin DOGE,$0.1957,1.86%,-0.35%,-13.54%,$29.2 bn,$954.9 m,2025-06-03 21:47:11
9,Cardano ADA,$0.6884,1.76%,-0.65%,-9.69%,$24.2 bn,$452.6 m,2025-06-03 21:47:11
10,Lido Staked Ether STETH,"$2,610",2.47%,-0.79%,0.70%,$24.1 bn,$16.8 m,2025-06-03 21:47:11
1,Bitcoin BTC,"$105,956",1.46%,-0.18%,-2.96%,$2.1 T,$28.2 bn,2025-06-03 21:47:11
2,Ethereum ETH,"$2,617",2.67%,-0.62%,0.89%,$315.3 bn,$16.4 bn,2025-06-03 21:47:11
3,Tether USDT,$1.00,0.09%,0.00%,0.04%,$139.4 bn,$55.3 bn,2025-06-03 21:47:11
4,XRP XRP,$2.26,4.10%,1.29%,-2.04%,$130.2 bn,$2 bn,2025-06-03 21:47:11
5,Binance Coin BNB,$663.77,0.55%,-0.30%,-2.54%,$110.7 bn,$935.7 m,2025-06-03 21:47:11
6,Solana SOL,$160.43,4.18%,-0.75%,-8.23%,$78.1 bn,$3.2 bn,2025-06-03 21:47:11
7,USD Coin USDC,$1.00,0.00%,0.01%,-0.02%,$52.2 bn,$5.8 bn,2025-06-03 21:47:11
8,Dogecoin DOGE,$0.1957,1.95%,-0.63%,-13.59%,$29.2 bn,$954.7 m,2025-06-03 21:47:11
9,Cardano ADA,$0.6884,1.84%,-0.82%,-9.75%,$24.2 bn,$452.6 m,2025-06-03 21:47:11
10,Lido Staked Ether STETH,"$2,611",2.49%,-0.78%,0.76%,$24.1 bn,$16.9 m,2025-06-03 21:47:11
1,Bitcoin BTC,"$105,956",1.46%,-0.18%,-2.96%,$2.1 T,$28.2 bn,2025-06-03 21:47:11
2,Ethereum ETH,"$2,617",2.67%,-0.62%,0.89%,$315.3 bn,$16.4 bn,2025-06-03 21:47:11
3,Tether USDT,$1.00,0.09%,0.00%,0.04%,$139.4 bn,$55.3 bn,2025-06-03 21:47:11
4,XRP XRP,$2.26,4.10%,1.29%,-2.04%,$130.2 bn,$2 bn,2025-06-03 21:47:11
5,Binance Coin BNB,$663.77,0.55%,-0.30%,-2.54%,$110.7 bn,$935.7 m,2025-06-03 21:47:11
6,Solana SOL,$160.43,4.18%,-0.75%,-8.23%,$78.1 bn,$3.2 bn,2025-06-03 21:47:11
7,USD Coin USDC,$1.00,0.00%,0.01%,-0.02%,$52.2 bn,$5.8 bn,2025-06-03 21:47:11
8,Dogecoin DOGE,$0.1957,1.95%,-0.63%,-13.59%,$29.2 bn,$954.7 m,2025-06-03 21:47:11
9,Cardano ADA,$0.6884,1.84%,-0.82%,-9.75%,$24.2 bn,$452.6 m,2025-06-03 21:47:11
10,Lido Staked Ether STETH,"$2,611",2.49%,-0.78%,0.76%,$24.1 bn,$16.9 m,2025-06-03 21:47:11
1,Bitcoin BTC,"$105,260",-0.45%,0.79%,-3.19%,$2.1 T,$27.8 bn,2025-06-04 21:14:49
2,Ethereum ETH,"$2,637",0.90%,1.17%,0.20%,$317.7 bn,$16.2 bn,2025-06-04 21:14:49
3,Tether USDT,$1.00,0.12%,0.23%,0.07%,$139.5 bn,$51.8 bn,2025-06-04 21:14:49
4,XRP XRP,$2.23,-0.74%,0.23%,-2.71%,$128.6 bn,$1.7 bn,2025-06-04 21:14:49
5,Binance Coin BNB,$666.91,0.33%,0.12%,-2.15%,$111.2 bn,$792.7 m,2025-06-04 21:14:49
6,Solana SOL,$156.08,-2.62%,0.64%,-10.29%,$76 bn,$2.6 bn,2025-06-04 21:14:49
7,USD Coin USDC,$1.00,0.01%,0.00%,0.00%,$52.2 bn,$4.4 bn,2025-06-04 21:14:49
8,Dogecoin DOGE,$0.1910,-2.28%,0.05%,-14.33%,$28.5 bn,$676.9 m,2025-06-04 21:14:49
9,Lido Staked Ether STETH,"$2,633",1.00%,1.35%,0.12%,$24.3 bn,$12.4 m,2025-06-04 21:14:49
10,Cardano ADA,$0.6777,-1.19%,-0.56%,-9.38%,$23.8 bn,$414 m,2025-06-04 21:14:49
1,Bitcoin BTC,"$105,260",-0.45%,0.79%,-3.19%,$2.1 T,$27.8 bn,2025-06-04 21:14:49
2,Ethereum ETH,"$2,637",0.90%,1.17%,0.20%,$317.7 bn,$16.2 bn,2025-06-04 21:14:49
3,Tether USDT,$1.00,0.12%,0.23%,0.07%,$139.5 bn,$51.8 bn,2025-06-04 21:14:49
4,XRP XRP,$2.23,-0.74%,0.23%,-2.71%,$128.6 bn,$1.7 bn,2025-06-04 21:14:49
5,Binance Coin BNB,$666.91,0.33%,0.12%,-2.15%,$111.2 bn,$792.7 m,2025-06-04 21:14:49
6,Solana SOL,$156.08,-2.62%,0.64%,-10.29%,$76 bn,$2.6 bn,2025-06-04 21:14:49
7,USD Coin USDC,$1.00,0.01%,0.00%,0.00%,$52.2 bn,$4.4 bn,2025-06-04 21:14:49
8,Dogecoin DOGE,$0.1910,-2.28%,0.05%,-14.33%,$28.5 bn,$676.9 m,2025-06-04 21:14:49
9,Lido Staked Ether STETH,"$2,633",1.00%,1.35%,0.12%,$24.3 bn,$12.4 m,2025-06-04 21:14:49
10,Cardano ADA,$0.6777,-1.19%,-0.56%,-9.38%,$23.8 bn,$414 m,2025-06-04 21:14:49
1,Bitcoin BTC,"$105,260",-0.45%,0.79%,-3.19%,$2.1 T,$27.8 bn,2025-06-04 21:14:49
2,Ethereum ETH,"$2,637",0.90%,1.17%,0.20%,$317.7 bn,$16.2 bn,2025-06-04 21:14:49
3,Tether USDT,$1.00,0.12%,0.23%,0.07%,$139.5 bn,$51.8 bn,2025-06-04 21:14:49
4,XRP XRP,$2.23,-0.74%,0.23%,-2.71%,$128.6 bn,$1.7 bn,2025-06-04 21:14:49
5,Binance Coin BNB,$666.91,0.33%,0.12%,-2.15%,$111.2 bn,$792.7 m,2025-06-04 21:14:49
6,Solana SOL,$156.08,-2.62%,0.64%,-10.29%,$76 bn,$2.6 bn,2025-06-04 21:14:49
7,USD Coin USDC,$1.00,0.01%,0.00%,0.00%,$52.2 bn,$4.4 bn,2025-06-04 21:14:49
8,Dogecoin DOGE,$0.1910,-2.28%,0.05%,-14.33%,$28.5 bn,$676.9 m,2025-06-04 21:14:49
9,Lido Staked Ether STETH,"$2,633",1.00%,1.35%,0.12%,$24.3 bn,$12.4 m,2025-06-04 21:14:49
10,Cardano ADA,$0.6777,-1.19%,-0.56%,-9.38%,$23.8 bn,$414 m,2025-06-04 21:14:49
1,Bitcoin BTC,"$105,234",-0.47%,0.77%,-3.23%,$2.1 T,$27.8 bn,2025-06-04 21:15:41
2,Ethereum ETH,"$2,636",0.86%,1.11%,0.17%,$317.6 bn,$16.2 bn,2025-06-04 21:15:41
3,Tether USDT,$1.00,0.11%,0.22%,0.07%,$139.5 bn,$51.8 bn,2025-06-04 21:15:41
4,XRP XRP,$2.23,-0.81%,0.21%,-2.71%,$128.6 bn,$1.7 bn,2025-06-04 21:15:41
5,Binance Coin BNB,$667.11,0.36%,0.13%,-2.16%,$111.3 bn,$792.9 m,2025-06-04 21:15:41
6,Solana SOL,$156.12,-2.62%,0.69%,-10.28%,$76 bn,$2.6 bn,2025-06-04 21:15:41
7,USD Coin USDC,$1.00,0.01%,0.00%,0.00%,$52.2 bn,$4.4 bn,2025-06-04 21:15:41
8,Dogecoin DOGE,$0.1911,-2.27%,0.04%,-14.32%,$28.5 bn,$676.8 m,2025-06-04 21:15:41
9,Lido Staked Ether STETH,"$2,631",0.91%,1.27%,0.05%,$24.3 bn,$12.4 m,2025-06-04 21:15:41
10,Cardano ADA,$0.6785,-1.11%,-0.47%,-9.29%,$23.9 bn,$414.6 m,2025-06-04 21:15:41
1,Bitcoin BTC,"$105,212",-0.70%,0.52%,-3.24%,$2.1 T,$27.9 bn,2025-06-04 21:42:44
2,Ethereum ETH,"$2,636",0.70%,0.80%,0.30%,$317.5 bn,$16.2 bn,2025-06-04 21:42:44
3,Tether USDT,$1.00,0.07%,0.14%,0.08%,$139.5 bn,$51.7 bn,2025-06-04 21:42:44
4,XRP XRP,$2.23,-1.22%,-0.13%,-2.62%,$128.5 bn,$1.7 bn,2025-06-04 21:42:44
5,Binance Coin BNB,$668.92,0.77%,0.32%,-1.77%,$111.6 bn,$790.7 m,2025-06-04 21:42:44
6,Solana SOL,$156.12,-2.73%,0.31%,-10.26%,$76 bn,$2.6 bn,2025-06-04 21:42:44
7,USD Coin USDC,$1.00,0.00%,0.00%,0.00%,$52.2 bn,$4.4 bn,2025-06-04 21:42:44
8,Dogecoin DOGE,$0.1913,-2.27%,-0.10%,-14.02%,$28.6 bn,$676.1 m,2025-06-04 21:42:44
9,Lido Staked Ether STETH,"$2,629",0.76%,0.91%,0.11%,$24.2 bn,$12.4 m,2025-06-04 21:42:44
10,Cardano ADA,$0.6793,-1.33%,-0.45%,-9.12%,$23.9 bn,$414.1 m,2025-06-04 21:42:44
1,Bitcoin BTC,"$105,212",-0.70%,0.52%,-3.24%,$2.1 T,$27.9 bn,2025-06-04 21:45:44
2,Ethereum ETH,"$2,636",0.70%,0.80%,0.30%,$317.5 bn,$16.2 bn,2025-06-04 21:45:44
3,Tether USDT,$1.00,0.07%,0.14%,0.08%,$139.5 bn,$51.7 bn,2025-06-04 21:45:44
4,XRP XRP,$2.23,-1.22%,-0.13%,-2.62%,$128.5 bn,$1.7 bn,2025-06-04 21:45:44
5,Binance Coin BNB,$668.92,0.77%,0.32%,-1.77%,$111.6 bn,$790.7 m,2025-06-04 21:45:44
6,Solana SOL,$156.12,-2.73%,0.31%,-10.26%,$76 bn,$2.6 bn,2025-06-04 21:45:44
7,USD Coin USDC,$1.00,0.00%,0.00%,0.00%,$52.2 bn,$4.4 bn,2025-06-04 21:45:44
8,Dogecoin DOGE,$0.1913,-2.27%,-0.10%,-14.02%,$28.6 bn,$676.1 m,2025-06-04 21:45:44
9,Lido Staked Ether STETH,"$2,629",0.76%,0.91%,0.11%,$24.2 bn,$12.4 m,2025-06-04 21:45:44
10,Cardano ADA,$0.6793,-1.33%,-0.45%,-9.12%,$23.9 bn,$414.1 m,2025-06-04 21:45:44
1,Bitcoin BTC,"$105,212",-0.70%,0.52%,-3.24%,$2.1 T,$27.9 bn,2025-06-04 21:45:51
2,Ethereum ETH,"$2,636",0.70%,0.80%,0.30%,$317.5 bn,$16.2 bn,2025-06-04 21:45:51
3,Tether USDT,$1.00,0.07%,0.14%,0.08%,$139.5 bn,$51.7 bn,2025-06-04 21:45:51
4,XRP XRP,$2.23,-1.22%,-0.13%,-2.62%,$128.5 bn,$1.7 bn,2025-06-04 21:45:51
5,Binance Coin BNB,$668.92,0.77%,0.32%,-1.77%,$111.6 bn,$790.7 m,2025-06-04 21:45:51
6,Solana SOL,$156.12,-2.73%,0.31%,-10.26%,$76 bn,$2.6 bn,2025-06-04 21:45:51
7,USD Coin USDC,$1.00,0.00%,0.00%,0.00%,$52.2 bn,$4.4 bn,2025-06-04 21:45:51
8,Dogecoin DOGE,$0.1913,-2.27%,-0.10%,-14.02%,$28.6 bn,$676.1 m,2025-06-04 21:45:51
9,Lido Staked Ether STETH,"$2,629",0.76%,0.91%,0.11%,$24.2 bn,$12.4 m,2025-06-04 21:45:51
10,Cardano ADA,$0.6793,-1.33%,-0.45%,-9.12%,$23.9 bn,$414.1 m,2025-06-04 21:45:51
1,Bitcoin BTC,"$105,196",-0.72%,0.49%,-3.26%,$2.1 T,$27.9 bn,2025-06-04 21:46:26
2,Ethereum ETH,"$2,636",0.70%,0.78%,0.30%,$317.5 bn,$16.2 bn,2025-06-04 21:46:26
3,Tether USDT,$1.00,0.02%,0.10%,0.04%,$139.5 bn,$51.7 bn,2025-06-04 21:46:26
4,XRP XRP,$2.23,-1.36%,-0.20%,-2.66%,$128.5 bn,$1.7 bn,2025-06-04 21:46:26
5,Binance Coin BNB,$668.79,0.76%,0.30%,-1.83%,$111.6 bn,$790.2 m,2025-06-04 21:46:26
6,Solana SOL,$156.01,-2.76%,0.24%,-10.33%,$75.9 bn,$2.6 bn,2025-06-04 21:46:26
7,USD Coin USDC,$1.00,0.00%,0.00%,0.00%,$52.2 bn,$4.4 bn,2025-06-04 21:46:26
8,Dogecoin DOGE,$0.1912,-2.32%,-0.16%,-14.08%,$28.5 bn,$675.1 m,2025-06-04 21:46:26
9,Lido Staked Ether STETH,"$2,629",0.70%,0.88%,0.08%,$24.2 bn,$12.4 m,2025-06-04 21:46:26
10,Cardano ADA,$0.6787,-1.40%,-0.52%,-9.21%,$23.9 bn,$413.4 m,2025-06-04 21:46:26
1,Bitcoin BTC,"$105,118",-0.78%,0.25%,-3.38%,$2.1 T,$27.9 bn,2025-06-04 21:57:25
2,Ethereum ETH,"$2,635",0.68%,0.32%,0.15%,$317.5 bn,$16.2 bn,2025-06-04 21:57:25
3,Tether USDT,$1.00,0.03%,-0.01%,0.02%,$139.5 bn,$51.8 bn,2025-06-04 21:57:25
4,XRP XRP,$2.23,-1.42%,-0.64%,-2.70%,$128.4 bn,$1.7 bn,2025-06-04 21:57:25
5,Binance Coin BNB,$668.51,0.71%,0.12%,-1.85%,$111.5 bn,$790.6 m,2025-06-04 21:57:25
6,Solana SOL,$155.88,-2.73%,-0.30%,-10.57%,$75.9 bn,$2.6 bn,2025-06-04 21:57:25
7,USD Coin USDC,$1.00,-0.01%,-0.01%,-0.01%,$52.2 bn,$4.4 bn,2025-06-04 21:57:25
8,Dogecoin DOGE,$0.1909,-2.40%,-0.74%,-14.20%,$28.5 bn,$675.9 m,2025-06-04 21:57:25
9,Lido Staked Ether STETH,"$2,632",0.79%,0.39%,0.09%,$24.3 bn,$12.4 m,2025-06-04 21:57:25
10,Cardano ADA,$0.6775,-1.40%,-1.13%,-9.44%,$23.8 bn,$413.1 m,2025-06-04 21:57:25
1,Bitcoin BTC,"$105,118",-0.78%,0.25%,-3.38%,$2.1 T,$27.9 bn,2025-06-04 21:58:16
2,Ethereum ETH,"$2,635",0.68%,0.32%,0.15%,$317.5 bn,$16.2 bn,2025-06-04 21:58:16
3,Tether USDT,$1.00,0.03%,-0.01%,0.02%,$139.5 bn,$51.8 bn,2025-06-04 21:58:16
4,XRP XRP,$2.23,-1.42%,-0.64%,-2.70%,$128.4 bn,$1.7 bn,2025-06-04 21:58:16
5,Binance Coin BNB,$668.51,0.71%,0.12%,-1.85%,$111.5 bn,$790.6 m,2025-06-04 21:58:16
6,Solana SOL,$155.88,-2.73%,-0.30%,-10.57%,$75.9 bn,$2.6 bn,2025-06-04 21:58:16
7,USD Coin USDC,$1.00,-0.01%,-0.01%,-0.01%,$52.2 bn,$4.4 bn,2025-06-04 21:58:16
8,Dogecoin DOGE,$0.1909,-2.40%,-0.74%,-14.20%,$28.5 bn,$675.9 m,2025-06-04 21:58:16
9,Lido Staked Ether STETH,"$2,632",0.79%,0.39%,0.09%,$24.3 bn,$12.4 m,2025-06-04 21:58:16
10,Cardano ADA,$0.6775,-1.40%,-1.13%,-9.44%,$23.8 bn,$413.1 m,2025-06-04 21:58:16
1,Bitcoin BTC,"$105,096",-0.82%,0.20%,-3.40%,$2.1 T,$28 bn,2025-06-04 22:00:21
2,Ethereum ETH,"$2,632",0.53%,0.16%,0.05%,$317.1 bn,$16.2 bn,2025-06-04 22:00:21
3,Tether USDT,$1.00,0.01%,-0.07%,0.00%,$139.4 bn,$51.7 bn,2025-06-04 22:00:21
4,XRP XRP,$2.23,-1.47%,-0.76%,-2.77%,$128.3 bn,$1.7 bn,2025-06-04 22:00:21
5,Binance Coin BNB,$668.08,0.59%,0.03%,-1.89%,$111.4 bn,$792 m,2025-06-04 22:00:21
6,Solana SOL,$155.67,-2.93%,-0.48%,-10.68%,$75.8 bn,$2.6 bn,2025-06-04 22:00:21
7,USD Coin USDC,$1.00,-0.02%,-0.02%,-0.01%,$52.2 bn,$4.4 bn,2025-06-04 22:00:21
8,Dogecoin DOGE,$0.1908,-2.58%,-0.90%,-14.21%,$28.5 bn,$675.6 m,2025-06-04 22:00:21
9,Lido Staked Ether STETH,"$2,629",0.67%,0.26%,-0.02%,$24.2 bn,$12.4 m,2025-06-04 22:00:21
10,Cardano ADA,$0.6769,-1.55%,-1.27%,-9.47%,$23.8 bn,$413 m,2025-06-04 22:00:21
1,Bitcoin BTC,"$104,695",-1.03%,-0.73%,-3.98%,$2.1 T,$27.6 bn,2025-06-04 22:10:11
2,Ethereum ETH,"$2,608",-0.28%,-1.91%,-1.27%,$314.2 bn,$16.3 bn,2025-06-04 22:10:11
3,Tether USDT,$1.00,0.06%,0.01%,0.06%,$139.5 bn,$51.4 bn,2025-06-04 22:10:11
4,XRP XRP,$2.20,-2.15%,-1.79%,-4.19%,$127.1 bn,$1.6 bn,2025-06-04 22:10:11
5,Binance Coin BNB,$664.59,0.48%,-0.77%,-2.66%,$110.9 bn,$784.3 m,2025-06-04 22:10:11
6,Solana SOL,$154.43,-2.17%,-1.90%,-11.25%,$75.1 bn,$2.5 bn,2025-06-04 22:10:11
7,USD Coin USDC,$1.00,-0.01%,-0.02%,-0.03%,$52.1 bn,$4.3 bn,2025-06-04 22:10:11
8,Dogecoin DOGE,$0.1885,-3.18%,-2.05%,-15.48%,$28.1 bn,$670.2 m,2025-06-04 22:10:11
9,Lido Staked Ether STETH,"$2,601",-0.20%,-2.01%,-1.42%,$24 bn,$12.3 m,2025-06-04 22:10:11
10,TRON TRX,$0.2735,0.78%,-0.09%,-0.73%,$23.6 bn,$836.9 m,2025-06-04 22:10:11
1,Bitcoin BTC,"$104,615",1.39%,0.17%,-1.32%,$2.1 T,$38.7 bn,2025-06-06 21:28:32
2,Ethereum ETH,"$2,496",-3.15%,-0.42%,-5.25%,$300.7 bn,$22.5 bn,2025-06-06 21:28:32
3,Tether USDT,$1.00,0.10%,-0.07%,0.21%,$139.8 bn,$73.9 bn,2025-06-06 21:28:32
4,XRP XRP,$2.17,0.03%,-0.31%,-1.30%,$125.1 bn,$2.8 bn,2025-06-06 21:28:32
5,Binance Coin BNB,$645.21,-1.24%,-0.78%,-3.92%,$107.6 bn,$1.3 bn,2025-06-06 21:28:32
6,Solana SOL,$149.78,0.07%,-1.10%,-8.96%,$72.9 bn,$3.8 bn,2025-06-06 21:28:32
7,USD Coin USDC,$1.00,-0.02%,0.01%,-0.02%,$52.2 bn,$8.2 bn,2025-06-06 21:28:32
8,Dogecoin DOGE,$0.1793,-0.24%,-0.93%,-12.85%,$26.8 bn,$1.7 bn,2025-06-06 21:28:32
9,TRON TRX,$0.2771,1.33%,-0.65%,2.66%,$23.9 bn,$1.3 bn,2025-06-06 21:28:32
10,Cardano ADA,$0.6643,0.50%,0.32%,-6.03%,$23.4 bn,$792.7 m,2025-06-06 21:28:32
1,Bitcoin BTC,"$104,529",1.23%,-0.01%,-1.33%,$2.1 T,$38.6 bn,2025-06-06 21:31:47
2,Ethereum ETH,"$2,492",-3.28%,-0.60%,-5.22%,$300.3 bn,$22.4 bn,2025-06-06 21:31:47
3,Tether USDT,$1.00,0.15%,-0.03%,0.26%,$139.9 bn,$73.8 bn,2025-06-06 21:31:47
4,XRP XRP,$2.17,0.03%,-0.44%,-1.28%,$124.9 bn,$2.8 bn,2025-06-06 21:31:47
5,Binance Coin BNB,$644.97,-1.25%,-0.90%,-3.92%,$107.6 bn,$1.3 bn,2025-06-06 21:31:47
6,Solana SOL,$149.50,-0.10%,-1.34%,-8.89%,$72.7 bn,$3.8 bn,2025-06-06 21:31:47
7,USD Coin USDC,$1.00,-0.02%,0.02%,-0.02%,$52.2 bn,$8.2 bn,2025-06-06 21:31:47
8,Dogecoin DOGE,$0.1791,-0.46%,-1.15%,-12.72%,$26.7 bn,$1.7 bn,2025-06-06 21:31:47
9,TRON TRX,$0.2770,1.30%,-0.68%,2.75%,$23.9 bn,$1.3 bn,2025-06-06 21:31:47
10,Cardano ADA,$0.6630,0.22%,0.05%,-5.81%,$23.3 bn,$790.9 m,2025-06-06 21:31:47
1,Bitcoin BTC,"$104,529",1.20%,-0.03%,-1.33%,$2.1 T,$38.6 bn,2025-06-06 21:31:47
2,Ethereum ETH,"$2,490",-3.48%,-0.68%,-5.29%,$300 bn,$22.4 bn,2025-06-06 21:31:47
3,Tether USDT,$1.00,0.20%,-0.02%,0.27%,$139.9 bn,$73.8 bn,2025-06-06 21:31:47
4,XRP XRP,$2.17,-0.08%,-0.47%,-1.28%,$124.8 bn,$2.8 bn,2025-06-06 21:31:47
5,Binance Coin BNB,$644.60,-1.33%,-0.94%,-4.01%,$107.5 bn,$1.3 bn,2025-06-06 21:31:47
6,Solana SOL,$148.99,-0.47%,-1.65%,-9.20%,$72.5 bn,$3.8 bn,2025-06-06 21:31:47
7,USD Coin USDC,$1.00,-0.02%,0.02%,-0.02%,$52.2 bn,$8.1 bn,2025-06-06 21:31:47
8,Dogecoin DOGE,$0.1789,-0.63%,-1.25%,-12.79%,$26.7 bn,$1.7 bn,2025-06-06 21:31:47
9,TRON TRX,$0.2770,1.29%,-0.70%,2.79%,$23.9 bn,$1.3 bn,2025-06-06 21:31:47
10,Cardano ADA,$0.6620,0.03%,-0.11%,-5.92%,$23.3 bn,$790 m,2025-06-06 21:31:47
1,Bitcoin BTC,"$104,524",1.38%,-0.22%,-1.08%,$2.1 T,$38.5 bn,2025-06-06 22:01:00
2,Ethereum ETH,"$2,493",-3.31%,-0.87%,-4.64%,$300.4 bn,$22.4 bn,2025-06-06 22:01:00
3,Tether USDT,$1.00,0.11%,-0.13%,0.26%,$139.8 bn,$73.7 bn,2025-06-06 22:01:00
4,XRP XRP,$2.17,0.22%,-0.56%,-0.77%,$124.9 bn,$2.8 bn,2025-06-06 22:01:00
5,Binance Coin BNB,$644.26,-1.24%,-0.83%,-3.85%,$107.5 bn,$1.3 bn,2025-06-06 22:01:00
6,Solana SOL,$148.79,-0.48%,-1.68%,-8.74%,$72.4 bn,$3.8 bn,2025-06-06 22:01:00
7,USD Coin USDC,$1.00,0.00%,0.00%,-0.02%,$52.2 bn,$8.2 bn,2025-06-06 22:01:00
8,Dogecoin DOGE,$0.1791,-0.02%,-1.87%,-12.21%,$26.7 bn,$1.7 bn,2025-06-06 22:01:00
9,TRON TRX,$0.2772,1.53%,-0.82%,3.15%,$23.9 bn,$1.3 bn,2025-06-06 22:01:00
10,Cardano ADA,$0.6621,0.08%,-0.38%,-5.37%,$23.3 bn,$790.8 m,2025-06-06 22:01:00
1,Bitcoin BTC,"$105,381",0.33%,0.16%,2.09%,$2.1 T,$24.3 bn,2025-06-07 18:23:19
2,Ethereum ETH,"$2,517",0.03%,0.87%,1.05%,$303.3 bn,$11 bn,2025-06-07 18:23:19
3,Tether USDT,$1.00,-0.30%,-0.07%,-0.16%,$139.5 bn,$42.3 bn,2025-06-07 18:23:19
4,XRP XRP,$2.18,-0.14%,-0.23%,4.67%,$125.7 bn,$1.2 bn,2025-06-07 18:23:19
5,Binance Coin BNB,$649.01,-0.08%,0.12%,0.31%,$108.3 bn,$834.5 m,2025-06-07 18:23:19
6,Solana SOL,$151.08,-0.24%,-0.51%,-0.83%,$73.5 bn,$1.9 bn,2025-06-07 18:23:19
7,USD Coin USDC,$1.00,-0.01%,-0.01%,-0.02%,$52.2 bn,$4.3 bn,2025-06-07 18:23:19
8,Dogecoin DOGE,$0.1869,2.01%,0.12%,0.46%,$27.9 bn,$744 m,2025-06-07 18:23:19
9,TRON TRX,$0.2791,-0.06%,-0.18%,5.64%,$24 bn,$817.6 m,2025-06-07 18:23:19
10,Cardano ADA,$0.6675,-0.25%,-0.13%,1.08%,$23.5 bn,$355.5 m,2025-06-07 18:23:19
1,Bitcoin BTC,"$105,381",0.33%,0.16%,2.09%,$2.1 T,$24.3 bn,2025-06-07 18:23:19
2,Ethereum ETH,"$2,517",0.03%,0.87%,1.05%,$303.3 bn,$11 bn,2025-06-07 18:23:19
3,Tether USDT,$1.00,-0.30%,-0.07%,-0.16%,$139.5 bn,$42.3 bn,2025-06-07 18:23:19
4,XRP XRP,$2.18,-0.14%,-0.23%,4.67%,$125.7 bn,$1.2 bn,2025-06-07 18:23:19
5,Binance Coin BNB,$649.01,-0.08%,0.12%,0.31%,$108.3 bn,$834.5 m,2025-06-07 18:23:19
6,Solana SOL,$151.08,-0.24%,-0.51%,-0.83%,$73.5 bn,$1.9 bn,2025-06-07 18:23:19
7,USD Coin USDC,$1.00,-0.01%,-0.01%,-0.02%,$52.2 bn,$4.3 bn,2025-06-07 18:23:19
8,Dogecoin DOGE,$0.1869,2.01%,0.12%,0.46%,$27.9 bn,$744 m,2025-06-07 18:23:19
9,TRON TRX,$0.2791,-0.06%,-0.18%,5.64%,$24 bn,$817.6 m,2025-06-07 18:23:19
10,Cardano ADA,$0.6675,-0.25%,-0.13%,1.08%,$23.5 bn,$355.5 m,2025-06-07 18:23:19
1,Bitcoin BTC,"$105,381",0.33%,0.16%,2.09%,$2.1 T,$24.3 bn,2025-06-07 18:23:19
2,Ethereum ETH,"$2,517",0.03%,0.87%,1.05%,$303.3 bn,$11 bn,2025-06-07 18:23:19
3,Tether USDT,$1.00,-0.30%,-0.07%,-0.16%,$139.5 bn,$42.3 bn,2025-06-07 18:23:19
4,XRP XRP,$2.18,-0.14%,-0.23%,4.67%,$125.7 bn,$1.2 bn,2025-06-07 18:23:19
5,Binance Coin BNB,$649.01,-0.08%,0.12%,0.31%,$108.3 bn,$834.5 m,2025-06-07 18:23:19
6,Solana SOL,$151.08,-0.24%,-0.51%,-0.83%,$73.5 bn,$1.9 bn,2025-06-07 18:23:19
7,USD Coin USDC,$1.00,-0.01%,-0.01%,-0.02%,$52.2 bn,$4.3 bn,2025-06-07 18:23:19
8,Dogecoin DOGE,$0.1869,2.01%,0.12%,0.46%,$27.9 bn,$744 m,2025-06-07 18:23:19
9,TRON TRX,$0.2791,-0.06%,-0.18%,5.64%,$24 bn,$817.6 m,2025-06-07 18:23:19
10,Cardano ADA,$0.6675,-0.25%,-0.13%,1.08%,$23.5 bn,$355.5 m,2025-06-07 18:23:19
1,Bitcoin BTC,"$105,381",0.33%,0.16%,2.09%,$2.1 T,$24.3 bn,2025-06-07 18:23:19
2,Ethereum ETH,"$2,517",0.03%,0.87%,1.05%,$303.3 bn,$11 bn,2025-06-07 18:23:19
3,Tether USDT,$1.00,-0.30%,-0.07%,-0.16%,$139.5 bn,$42.3 bn,2025-06-07 18:23:19
4,XRP XRP,$2.18,-0.14%,-0.23%,4.67%,$125.7 bn,$1.2 bn,2025-06-07 18:23:19
5,Binance Coin BNB,$649.01,-0.08%,0.12%,0.31%,$108.3 bn,$834.5 m,2025-06-07 18:23:19
6,Solana SOL,$151.08,-0.24%,-0.51%,-0.83%,$73.5 bn,$1.9 bn,2025-06-07 18:23:19
7,USD Coin USDC,$1.00,-0.01%,-0.01%,-0.02%,$52.2 bn,$4.3 bn,2025-06-07 18:23:19
8,Dogecoin DOGE,$0.1869,2.01%,0.12%,0.46%,$27.9 bn,$744 m,2025-06-07 18:23:19
9,TRON TRX,$0.2791,-0.06%,-0.18%,5.64%,$24 bn,$817.6 m,2025-06-07 18:23:19
10,Cardano ADA,$0.6675,-0.25%,-0.13%,1.08%,$23.5 bn,$355.5 m,2025-06-07 18:23:19
1,Bitcoin BTC,"$105,381",0.33%,0.16%,2.09%,$2.1 T,$24.3 bn,2025-06-07 18:23:19
2,Ethereum ETH,"$2,517",0.03%,0.87%,1.05%,$303.3 bn,$11 bn,2025-06-07 18:23:19
3,Tether USDT,$1.00,-0.30%,-0.07%,-0.16%,$139.5 bn,$42.3 bn,2025-06-07 18:23:19
4,XRP XRP,$2.18,-0.14%,-0.23%,4.67%,$125.7 bn,$1.2 bn,2025-06-07 18:23:19
5,Binance Coin BNB,$649.01,-0.08%,0.12%,0.31%,$108.3 bn,$834.5 m,2025-06-07 18:23:19
6,Solana SOL,$151.08,-0.24%,-0.51%,-0.83%,$73.5 bn,$1.9 bn,2025-06-07 18:23:19
7,USD Coin USDC,$1.00,-0.01%,-0.01%,-0.02%,$52.2 bn,$4.3 bn,2025-06-07 18:23:19
8,Dogecoin DOGE,$0.1869,2.01%,0.12%,0.46%,$27.9 bn,$744 m,2025-06-07 18:23:19
9,TRON TRX,$0.2791,-0.06%,-0.18%,5.64%,$24 bn,$817.6 m,2025-06-07 18:23:19
10,Cardano ADA,$0.6675,-0.25%,-0.13%,1.08%,$23.5 bn,$355.5 m,2025-06-07 18:23:19
1,Bitcoin BTC,"$105,381",0.33%,0.16%,2.09%,$2.1 T,$24.3 bn,2025-06-07 18:23:19
2,Ethereum ETH,"$2,517",0.03%,0.87%,1.05%,$303.3 bn,$11 bn,2025-06-07 18:23:19
3,Tether USDT,$1.00,-0.30%,-0.07%,-0.16%,$139.5 bn,$42.3 bn,2025-06-07 18:23:19
4,XRP XRP,$2.18,-0.14%,-0.23%,4.67%,$125.7 bn,$1.2 bn,2025-06-07 18:23:19
5,Binance Coin BNB,$649.01,-0.08%,0.12%,0.31%,$108.3 bn,$834.5 m,2025-06-07 18:23:19
6,Solana SOL,$151.08,-0.24%,-0.51%,-0.83%,$73.5 bn,$1.9 bn,2025-06-07 18:23:19
7,USD Coin USDC,$1.00,-0.01%,-0.01%,-0.02%,$52.2 bn,$4.3 bn,2025-06-07 18:23:19
8,Dogecoin DOGE,$0.1869,2.01%,0.12%,0.46%,$27.9 bn,$744 m,2025-06-07 18:23:19
9,TRON TRX,$0.2791,-0.06%,-0.18%,5.64%,$24 bn,$817.6 m,2025-06-07 18:23:19
10,Cardano ADA,$0.6675,-0.25%,-0.13%,1.08%,$23.5 bn,$355.5 m,2025-06-07 18:23:19
1,Bitcoin BTC,"$105,381",0.33%,0.16%,2.09%,$2.1 T,$24.3 bn,2025-06-07 18:23:19
2,Ethereum ETH,"$2,517",0.03%,0.87%,1.05%,$303.3 bn,$11 bn,2025-06-07 18:23:19
3,Tether USDT,$1.00,-0.30%,-0.07%,-0.16%,$139.5 bn,$42.3 bn,2025-06-07 18:23:19
4,XRP XRP,$2.18,-0.14%,-0.23%,4.67%,$125.7 bn,$1.2 bn,2025-06-07 18:23:19
5,Binance Coin BNB,$649.01,-0.08%,0.12%,0.31%,$108.3 bn,$834.5 m,2025-06-07 18:23:19
6,Solana SOL,$151.08,-0.24%,-0.51%,-0.83%,$73.5 bn,$1.9 bn,2025-06-07 18:23:19
7,USD Coin USDC,$1.00,-0.01%,-0.01%,-0.02%,$52.2 bn,$4.3 bn,2025-06-07 18:23:19
8,Dogecoin DOGE,$0.1869,2.01%,0.12%,0.46%,$27.9 bn,$744 m,2025-06-07 18:23:19
9,TRON TRX,$0.2791,-0.06%,-0.18%,5.64%,$24 bn,$817.6 m,2025-06-07 18:23:19
10,Cardano ADA,$0.6675,-0.25%,-0.13%,1.08%,$23.5 bn,$355.5 m,2025-06-07 18:23:19
1,Bitcoin BTC,"$105,381",0.33%,0.16%,2.09%,$2.1 T,$24.3 bn,2025-06-07 18:23:19
2,Ethereum ETH,"$2,517",0.03%,0.87%,1.05%,$303.3 bn,$11 bn,2025-06-07 18:23:19
3,Tether USDT,$1.00,-0.30%,-0.07%,-0.16%,$139.5 bn,$42.3 bn,2025-06-07 18:23:19
4,XRP XRP,$2.18,-0.14%,-0.23%,4.67%,$125.7 bn,$1.2 bn,2025-06-07 18:23:19
5,Binance Coin BNB,$649.01,-0.08%,0.12%,0.31%,$108.3 bn,$834.5 m,2025-06-07 18:23:19
6,Solana SOL,$151.08,-0.24%,-0.51%,-0.83%,$73.5 bn,$1.9 bn,2025-06-07 18:23:19
7,USD Coin USDC,$1.00,-0.01%,-0.01%,-0.02%,$52.2 bn,$4.3 bn,2025-06-07 18:23:19
8,Dogecoin DOGE,$0.1869,2.01%,0.12%,0.46%,$27.9 bn,$744 m,2025-06-07 18:23:19
9,TRON TRX,$0.2791,-0.06%,-0.18%,5.64%,$24 bn,$817.6 m,2025-06-07 18:23:19
10,Cardano ADA,$0.6675,-0.25%,-0.13%,1.08%,$23.5 bn,$355.5 m,2025-06-07 18:23:19
1,Bitcoin BTC,"$105,381",0.33%,0.16%,2.09%,$2.1 T,$24.3 bn,2025-06-07 18:23:19
2,Ethereum ETH,"$2,517",0.03%,0.87%,1.05%,$303.3 bn,$11 bn,2025-06-07 18:23:19
3,Tether USDT,$1.00,-0.30%,-0.07%,-0.16%,$139.5 bn,$42.3 bn,2025-06-07 18:23:19
4,XRP XRP,$2.18,-0.14%,-0.23%,4.67%,$125.7 bn,$1.2 bn,2025-06-07 18:23:19
5,Binance Coin BNB,$649.01,-0.08%,0.12%,0.31%,$108.3 bn,$834.5 m,2025-06-07 18:23:19
6,Solana SOL,$151.08,-0.24%,-0.51%,-0.83%,$73.5 bn,$1.9 bn,2025-06-07 18:23:19
7,USD Coin USDC,$1.00,-0.01%,-0.01%,-0.02%,$52.2 bn,$4.3 bn,2025-06-07 18:23:19
8,Dogecoin DOGE,$0.1869,2.01%,0.12%,0.46%,$27.9 bn,$744 m,2025-06-07 18:23:19
9,TRON TRX,$0.2791,-0.06%,-0.18%,5.64%,$24 bn,$817.6 m,2025-06-07 18:23:19
10,Cardano ADA,$0.6675,-0.25%,-0.13%,1.08%,$23.5 bn,$355.5 m,2025-06-07 18:23:19
1,Bitcoin BTC,"$105,467",0.54%,0.22%,2.00%,$2.1 T,$24.2 bn,2025-06-07 18:30:16
2,Ethereum ETH,"$2,520",0.33%,0.89%,0.84%,$303.6 bn,$10.9 bn,2025-06-07 18:30:16
3,Tether USDT,$1.00,-0.30%,-0.05%,-0.15%,$139.5 bn,$42.2 bn,2025-06-07 18:30:16
4,XRP XRP,$2.18,0.13%,-0.19%,4.25%,$125.8 bn,$1.2 bn,2025-06-07 18:30:16
5,Binance Coin BNB,$649.85,0.23%,0.21%,0.26%,$108.4 bn,$832.7 m,2025-06-07 18:30:16
6,Solana SOL,$151.32,0.08%,-0.47%,-1.14%,$73.6 bn,$1.9 bn,2025-06-07 18:30:16
7,USD Coin USDC,$1.00,-0.02%,-0.01%,-0.02%,$52.2 bn,$4.3 bn,2025-06-07 18:30:16
8,Dogecoin DOGE,$0.1874,2.73%,0.25%,-0.36%,$28 bn,$738.8 m,2025-06-07 18:30:16
9,TRON TRX,$0.2796,0.14%,0.02%,5.48%,$24.1 bn,$819.4 m,2025-06-07 18:30:16
10,Cardano ADA,$0.6685,0.03%,-0.07%,0.91%,$23.5 bn,$354.9 m,2025-06-07 18:30:16
1,Bitcoin BTC,"$105,460",0.56%,0.23%,1.95%,$2.1 T,$24.2 bn,2025-06-07 18:30:16
2,Ethereum ETH,"$2,519",0.40%,0.92%,0.69%,$303.5 bn,$10.9 bn,2025-06-07 18:30:16
3,Tether USDT,$1.00,-0.31%,-0.07%,-0.17%,$139.5 bn,$42.1 bn,2025-06-07 18:30:16
4,XRP XRP,$2.18,0.11%,-0.17%,4.02%,$125.8 bn,$1.2 bn,2025-06-07 18:30:16
5,Binance Coin BNB,$649.63,0.30%,0.18%,0.23%,$108.4 bn,$832.5 m,2025-06-07 18:30:16
6,Solana SOL,$151.35,0.22%,-0.41%,-1.26%,$73.6 bn,$1.9 bn,2025-06-07 18:30:16
7,USD Coin USDC,$1.00,-0.02%,-0.01%,-0.02%,$52.2 bn,$4.3 bn,2025-06-07 18:30:16
8,Dogecoin DOGE,$0.1873,2.77%,0.23%,-0.55%,$28 bn,$736.9 m,2025-06-07 18:30:16
9,TRON TRX,$0.2796,0.16%,-0.02%,5.37%,$24.1 bn,$819.2 m,2025-06-07 18:30:16
10,Cardano ADA,$0.6683,0.08%,-0.06%,0.78%,$23.5 bn,$354.8 m,2025-06-07 18:30:16
1,Bitcoin BTC,"$105,460",0.56%,0.23%,1.95%,$2.1 T,$24.2 bn,2025-06-07 18:30:16
2,Ethereum ETH,"$2,519",0.40%,0.92%,0.69%,$303.5 bn,$10.9 bn,2025-06-07 18:30:16
3,Tether USDT,$1.00,-0.31%,-0.07%,-0.17%,$139.5 bn,$42.1 bn,2025-06-07 18:30:16
4,XRP XRP,$2.18,0.11%,-0.17%,4.02%,$125.8 bn,$1.2 bn,2025-06-07 18:30:16
5,Binance Coin BNB,$649.63,0.30%,0.18%,0.23%,$108.4 bn,$832.5 m,2025-06-07 18:30:16
6,Solana SOL,$151.35,0.22%,-0.41%,-1.26%,$73.6 bn,$1.9 bn,2025-06-07 18:30:16
7,USD Coin USDC,$1.00,-0.02%,-0.01%,-0.02%,$52.2 bn,$4.3 bn,2025-06-07 18:30:16
8,Dogecoin DOGE,$0.1873,2.77%,0.23%,-0.55%,$28 bn,$736.9 m,2025-06-07 18:30:16
9,TRON TRX,$0.2796,0.16%,-0.02%,5.37%,$24.1 bn,$819.2 m,2025-06-07 18:30:16
10,Cardano ADA,$0.6683,0.08%,-0.06%,0.78%,$23.5 bn,$354.8 m,2025-06-07 18:30:16
1,Bitcoin BTC,"$105,460",0.56%,0.23%,1.95%,$2.1 T,$24.2 bn,2025-06-07 18:30:16
2,Ethereum ETH,"$2,519",0.40%,0.92%,0.69%,$303.5 bn,$10.9 bn,2025-06-07 18:30:16
3,Tether USDT,$1.00,-0.31%,-0.07%,-0.17%,$139.5 bn,$42.1 bn,2025-06-07 18:30:16
4,XRP XRP,$2.18,0.11%,-0.17%,4.02%,$125.8 bn,$1.2 bn,2025-06-07 18:30:16
5,Binance Coin BNB,$649.63,0.30%,0.18%,0.23%,$108.4 bn,$832.5 m,2025-06-07 18:30:16
6,Solana SOL,$151.35,0.22%,-0.41%,-1.26%,$73.6 bn,$1.9 bn,2025-06-07 18:30:16
7,USD Coin USDC,$1.00,-0.02%,-0.01%,-0.02%,$52.2 bn,$4.3 bn,2025-06-07 18:30:16
8,Dogecoin DOGE,$0.1873,2.77%,0.23%,-0.55%,$28 bn,$736.9 m,2025-06-07 18:30:16
9,TRON TRX,$0.2796,0.16%,-0.02%,5.37%,$24.1 bn,$819.2 m,2025-06-07 18:30:16
10,Cardano ADA,$0.6683,0.08%,-0.06%,0.78%,$23.5 bn,$354.8 m,2025-06-07 18:30:16
1,Bitcoin BTC,"$105,460",0.56%,0.23%,1.95%,$2.1 T,$24.2 bn,2025-06-07 18:30:16
2,Ethereum ETH,"$2,519",0.40%,0.92%,0.69%,$303.5 bn,$10.9 bn,2025-06-07 18:30:16
3,Tether USDT,$1.00,-0.31%,-0.07%,-0.17%,$139.5 bn,$42.1 bn,2025-06-07 18:30:16
4,XRP XRP,$2.18,0.11%,-0.17%,4.02%,$125.8 bn,$1.2 bn,2025-06-07 18:30:16
5,Binance Coin BNB,$649.63,0.30%,0.18%,0.23%,$108.4 bn,$832.5 m,2025-06-07 18:30:16
6,Solana SOL,$151.35,0.22%,-0.41%,-1.26%,$73.6 bn,$1.9 bn,2025-06-07 18:30:16
7,USD Coin USDC,$1.00,-0.02%,-0.01%,-0.02%,$52.2 bn,$4.3 bn,2025-06-07 18:30:16
8,Dogecoin DOGE,$0.1873,2.77%,0.23%,-0.55%,$28 bn,$736.9 m,2025-06-07 18:30:16
9,TRON TRX,$0.2796,0.16%,-0.02%,5.37%,$24.1 bn,$819.2 m,2025-06-07 18:30:16
10,Cardano ADA,$0.6683,0.08%,-0.06%,0.78%,$23.5 bn,$354.8 m,2025-06-07 18:30:16
1,Bitcoin BTC,"$105,451",0.53%,0.22%,1.89%,$2.1 T,$24.2 bn,2025-06-07 18:30:16
2,Ethereum ETH,"$2,518",0.32%,0.85%,0.55%,$303.3 bn,$10.9 bn,2025-06-07 18:30:16
3,Tether USDT,$1.00,-0.26%,-0.04%,-0.16%,$139.5 bn,$42.1 bn,2025-06-07 18:30:16
4,XRP XRP,$2.18,0.05%,-0.19%,3.89%,$125.8 bn,$1.2 bn,2025-06-07 18:30:16
5,Binance Coin BNB,$649.63,0.31%,0.18%,0.13%,$108.4 bn,$830.4 m,2025-06-07 18:30:16
6,Solana SOL,$151.24,0.10%,-0.45%,-1.41%,$73.6 bn,$1.9 bn,2025-06-07 18:30:16
7,USD Coin USDC,$1.00,-0.02%,-0.01%,-0.03%,$52.2 bn,$4.2 bn,2025-06-07 18:30:16
8,Dogecoin DOGE,$0.1872,2.68%,0.18%,-0.72%,$27.9 bn,$734.2 m,2025-06-07 18:30:16
9,TRON TRX,$0.2796,0.19%,0.00%,5.35%,$24.1 bn,$819.1 m,2025-06-07 18:30:16
10,Cardano ADA,$0.6677,0.03%,-0.14%,0.58%,$23.5 bn,$354.1 m,2025-06-07 18:30:16
1,Bitcoin BTC,"$105,439",0.51%,0.19%,1.97%,$2.1 T,$24.1 bn,2025-06-07 18:40:15
2,Ethereum ETH,"$2,517",0.24%,0.70%,0.49%,$303.2 bn,$10.9 bn,2025-06-07 18:40:15
3,Tether USDT,$1.00,-0.26%,-0.08%,-0.15%,$139.5 bn,$42 bn,2025-06-07 18:40:15
4,XRP XRP,$2.18,-0.07%,-0.25%,3.79%,$125.7 bn,$1.2 bn,2025-06-07 18:40:15
5,Binance Coin BNB,$649.39,0.31%,0.11%,0.09%,$108.3 bn,$828.3 m,2025-06-07 18:40:15
6,Solana SOL,$151.08,-0.05%,-0.52%,-1.63%,$73.5 bn,$1.9 bn,2025-06-07 18:40:15
7,USD Coin USDC,$1.00,-0.01%,-0.01%,-0.03%,$52.2 bn,$4.2 bn,2025-06-07 18:40:15
8,Dogecoin DOGE,$0.1868,2.55%,-0.18%,-0.83%,$27.9 bn,$730.4 m,2025-06-07 18:40:15
9,TRON TRX,$0.2796,0.21%,-0.01%,5.29%,$24.1 bn,$817.6 m,2025-06-07 18:40:15
10,Cardano ADA,$0.6669,0.05%,-0.33%,0.76%,$23.5 bn,$353.4 m,2025-06-07 18:40:15
1,Bitcoin BTC,"$105,608",0.53%,0.35%,1.95%,$2.1 T,$23.4 bn,2025-06-07 19:22:47
2,Ethereum ETH,"$2,521",0.59%,1.00%,0.47%,$303.7 bn,$10.5 bn,2025-06-07 19:22:47
3,Tether USDT,$1.00,-0.16%,-0.01%,-0.08%,$139.6 bn,$40.5 bn,2025-06-07 19:22:47
4,XRP XRP,$2.18,0.18%,-0.03%,3.65%,$125.9 bn,$1.2 bn,2025-06-07 19:22:47
5,Binance Coin BNB,$652.35,0.75%,0.55%,0.48%,$108.8 bn,$829.5 m,2025-06-07 19:22:47
6,Solana SOL,$151.18,0.11%,-0.29%,-1.47%,$73.6 bn,$1.8 bn,2025-06-07 19:22:47
7,USD Coin USDC,$1.00,0.01%,0.01%,-0.03%,$52.2 bn,$3.9 bn,2025-06-07 19:22:47
8,Dogecoin DOGE,$0.1864,2.74%,0.23%,-1.07%,$27.8 bn,$698.1 m,2025-06-07 19:22:47
9,TRON TRX,$0.2809,0.69%,0.34%,5.22%,$24.2 bn,$818 m,2025-06-07 19:22:47
10,Cardano ADA,$0.6649,-0.36%,-0.69%,0.54%,$23.4 bn,$335.7 m,2025-06-07 19:22:47
1,Bitcoin BTC,"$105,569",0.40%,0.30%,1.84%,$2.1 T,$23.3 bn,2025-06-07 19:27:09
2,Ethereum ETH,"$2,518",0.30%,0.88%,0.19%,$303.4 bn,$10.5 bn,2025-06-07 19:27:09
3,Tether USDT,$1.00,-0.19%,0.03%,-0.09%,$139.6 bn,$40.4 bn,2025-06-07 19:27:09
4,XRP XRP,$2.18,0.05%,-0.11%,3.35%,$125.8 bn,$1.2 bn,2025-06-07 19:27:09
5,Binance Coin BNB,$652.34,0.63%,0.53%,0.26%,$108.8 bn,$829.1 m,2025-06-07 19:27:09
6,Solana SOL,$151.22,-0.14%,-0.33%,-1.85%,$73.6 bn,$1.8 bn,2025-06-07 19:27:09
7,USD Coin USDC,$1.00,-0.03%,-0.01%,-0.03%,$52.2 bn,$3.9 bn,2025-06-07 19:27:09
8,Dogecoin DOGE,$0.1862,2.44%,0.07%,-1.54%,$27.8 bn,$697.3 m,2025-06-07 19:27:09
9,TRON TRX,$0.2812,0.75%,0.42%,5.21%,$24.2 bn,$821 m,2025-06-07 19:27:09
10,Cardano ADA,$0.6649,-0.57%,-0.71%,0.18%,$23.4 bn,$335.6 m,2025-06-07 19:27:09
1,Bitcoin BTC,"$105,489",0.38%,0.19%,1.67%,$2.1 T,$23.2 bn,2025-06-07 19:35:02
2,Ethereum ETH,"$2,517",0.32%,0.76%,-0.11%,$303.3 bn,$10.5 bn,2025-06-07 19:35:02
3,Tether USDT,$1.00,-0.26%,-0.07%,-0.20%,$139.5 bn,$40.2 bn,2025-06-07 19:35:02
4,XRP XRP,$2.18,0.21%,-0.19%,2.84%,$125.8 bn,$1.2 bn,2025-06-07 19:35:02
5,Binance Coin BNB,$652.12,0.70%,0.47%,0.14%,$108.8 bn,$826.6 m,2025-06-07 19:35:02
6,Solana SOL,$150.81,-0.15%,-0.75%,-2.52%,$73.4 bn,$1.8 bn,2025-06-07 19:35:02
7,USD Coin USDC,$1.00,-0.02%,-0.02%,-0.03%,$52.2 bn,$3.9 bn,2025-06-07 19:35:02
8,Dogecoin DOGE,$0.1852,2.07%,-0.56%,-2.72%,$27.7 bn,$695.4 m,2025-06-07 19:35:02
9,TRON TRX,$0.2809,0.72%,0.36%,4.85%,$24.2 bn,$829.2 m,2025-06-07 19:35:02
10,Cardano ADA,$0.6643,-0.57%,-0.73%,-0.54%,$23.4 bn,$335.5 m,2025-06-07 19:35:02
1,Bitcoin BTC,"$105,398",0.44%,-0.11%,1.57%,$2.1 T,$23 bn,2025-06-07 19:50:03
2,Ethereum ETH,"$2,515",0.36%,0.48%,-0.25%,$303 bn,$10.4 bn,2025-06-07 19:50:03
3,Tether USDT,$1.00,-0.26%,-0.05%,-0.16%,$139.5 bn,$39.9 bn,2025-06-07 19:50:03
4,XRP XRP,$2.18,0.24%,-0.27%,2.55%,$125.7 bn,$1.1 bn,2025-06-07 19:50:03
5,Binance Coin BNB,$651.56,0.67%,0.28%,-0.18%,$108.7 bn,$822 m,2025-06-07 19:50:03
6,Solana SOL,$150.71,0.15%,-0.94%,-2.92%,$73.3 bn,$1.8 bn,2025-06-07 19:50:03
7,USD Coin USDC,$1.00,-0.01%,-0.01%,-0.02%,$52.2 bn,$3.7 bn,2025-06-07 19:50:03
8,Dogecoin DOGE,$0.1842,1.75%,-1.44%,-3.29%,$27.5 bn,$704.9 m,2025-06-07 19:50:03
9,TRON TRX,$0.2804,0.54%,0.41%,4.91%,$24.2 bn,$830.7 m,2025-06-07 19:50:03
10,Cardano ADA,$0.6630,-0.64%,-0.85%,-0.60%,$23.3 bn,$336.7 m,2025-06-07 19:50:03
1,Bitcoin BTC,"$105,352",0.52%,-0.08%,1.48%,$2.1 T,$23 bn,2025-06-07 20:04:23
2,Ethereum ETH,"$2,510",0.53%,0.50%,-0.52%,$302.4 bn,$10.4 bn,2025-06-07 20:04:23
3,Tether USDT,$1.00,-0.30%,-0.03%,-0.17%,$139.5 bn,$39.7 bn,2025-06-07 20:04:23
4,XRP XRP,$2.18,0.33%,-0.28%,2.12%,$125.5 bn,$1.1 bn,2025-06-07 20:04:23
5,Binance Coin BNB,$650.20,0.58%,0.15%,-0.43%,$108.5 bn,$820 m,2025-06-07 20:04:23
6,Solana SOL,$150.71,0.42%,-0.90%,-3.17%,$73.3 bn,$1.8 bn,2025-06-07 20:04:23
7,USD Coin USDC,$1.00,-0.01%,-0.02%,-0.03%,$52.2 bn,$3.7 bn,2025-06-07 20:04:23
8,Dogecoin DOGE,$0.1834,1.67%,-1.65%,-3.75%,$27.4 bn,$699.6 m,2025-06-07 20:04:23
9,TRON TRX,$0.2815,0.93%,0.83%,5.14%,$24.2 bn,$834.6 m,2025-06-07 20:04:23
10,Cardano ADA,$0.6625,-0.35%,-0.79%,-1.00%,$23.3 bn,$334.9 m,2025-06-07 20:04:23
1,Bitcoin BTC,"$105,372",0.54%,-0.05%,1.51%,$2.1 T,$22.9 bn,2025-06-07 20:04:23
2,Ethereum ETH,"$2,512",0.61%,0.60%,-0.45%,$302.6 bn,$10.4 bn,2025-06-07 20:04:23
3,Tether USDT,$1.00,-0.30%,-0.02%,-0.17%,$139.5 bn,$39.7 bn,2025-06-07 20:04:23
4,XRP XRP,$2.18,0.42%,-0.22%,2.18%,$125.6 bn,$1.1 bn,2025-06-07 20:04:23
5,Binance Coin BNB,$650.35,0.62%,0.19%,-0.38%,$108.5 bn,$820.2 m,2025-06-07 20:04:23
6,Solana SOL,$150.77,0.43%,-0.76%,-3.04%,$73.4 bn,$1.8 bn,2025-06-07 20:04:23
7,USD Coin USDC,$1.00,-0.02%,-0.02%,-0.02%,$52.2 bn,$3.7 bn,2025-06-07 20:04:23
8,Dogecoin DOGE,$0.1835,1.74%,-1.59%,-3.64%,$27.4 bn,$698.9 m,2025-06-07 20:04:23
9,TRON TRX,$0.2815,0.96%,0.84%,5.08%,$24.2 bn,$835.2 m,2025-06-07 20:04:23
10,Cardano ADA,$0.6629,-0.25%,-0.74%,-0.85%,$23.3 bn,$334.8 m,2025-06-07 20:04:23
1,Bitcoin BTC,"$105,372",0.54%,-0.05%,1.51%,$2.1 T,$22.9 bn,2025-06-07 20:04:23
2,Ethereum ETH,"$2,512",0.61%,0.60%,-0.45%,$302.6 bn,$10.4 bn,2025-06-07 20:04:23
3,Tether USDT,$1.00,-0.30%,-0.02%,-0.17%,$139.5 bn,$39.7 bn,2025-06-07 20:04:23
4,XRP XRP,$2.18,0.42%,-0.22%,2.18%,$125.6 bn,$1.1 bn,2025-06-07 20:04:23
5,Binance Coin BNB,$650.35,0.62%,0.19%,-0.38%,$108.5 bn,$820.2 m,2025-06-07 20:04:23
6,Solana SOL,$150.77,0.43%,-0.76%,-3.04%,$73.4 bn,$1.8 bn,2025-06-07 20:04:23
7,USD Coin USDC,$1.00,-0.02%,-0.02%,-0.02%,$52.2 bn,$3.7 bn,2025-06-07 20:04:23
8,Dogecoin DOGE,$0.1835,1.74%,-1.59%,-3.64%,$27.4 bn,$698.9 m,2025-06-07 20:04:23
9,TRON TRX,$0.2815,0.96%,0.84%,5.08%,$24.2 bn,$835.2 m,2025-06-07 20:04:23
10,Cardano ADA,$0.6629,-0.25%,-0.74%,-0.85%,$23.3 bn,$334.8 m,2025-06-07 20:04:23
1,Bitcoin BTC,"$105,390",0.62%,0.03%,1.54%,$2.1 T,$22.9 bn,2025-06-07 20:08:32
2,Ethereum ETH,"$2,513",0.78%,0.77%,-0.35%,$302.8 bn,$10.4 bn,2025-06-07 20:08:32
3,Tether USDT,$1.00,-0.29%,-0.03%,-0.15%,$139.5 bn,$39.7 bn,2025-06-07 20:08:32
4,XRP XRP,$2.18,0.53%,-0.16%,2.27%,$125.7 bn,$1.1 bn,2025-06-07 20:08:32
5,Binance Coin BNB,$650.86,0.74%,0.27%,-0.29%,$108.6 bn,$820.6 m,2025-06-07 20:08:32
6,Solana SOL,$151.10,0.71%,-0.39%,-2.75%,$73.5 bn,$1.8 bn,2025-06-07 20:08:32
7,USD Coin USDC,$1.00,-0.01%,-0.01%,-0.02%,$52.2 bn,$3.7 bn,2025-06-07 20:08:32
8,Dogecoin DOGE,$0.1839,2.15%,-1.33%,-3.40%,$27.5 bn,$697.7 m,2025-06-07 20:08:32
9,TRON TRX,$0.2817,1.05%,0.90%,5.11%,$24.3 bn,$836.5 m,2025-06-07 20:08:32
10,Cardano ADA,$0.6637,-0.08%,-0.62%,-0.69%,$23.3 bn,$335.1 m,2025-06-07 20:08:32
1,Bitcoin BTC,"$105,480",0.90%,-0.09%,1.71%,$2.1 T,$22.3 bn,2025-06-07 20:40:44
2,Ethereum ETH,"$2,512",1.08%,0.31%,-0.29%,$302.6 bn,$10.2 bn,2025-06-07 20:40:44
3,Tether USDT,$1.00,-0.23%,-0.08%,-0.17%,$139.6 bn,$38.7 bn,2025-06-07 20:40:44
4,XRP XRP,$2.18,0.50%,-0.49%,1.84%,$125.5 bn,$1.1 bn,2025-06-07 20:40:44
5,Binance Coin BNB,$650.50,0.81%,0.05%,-0.62%,$108.5 bn,$821.8 m,2025-06-07 20:40:44
6,Solana SOL,$151.02,1.09%,-0.73%,-2.56%,$73.5 bn,$1.7 bn,2025-06-07 20:40:44
7,USD Coin USDC,$1.00,0.03%,-0.01%,-0.02%,$52.2 bn,$3.6 bn,2025-06-07 20:40:44
8,Dogecoin DOGE,$0.1835,2.68%,-2.36%,-3.29%,$27.4 bn,$675.5 m,2025-06-07 20:40:44
9,TRON TRX,$0.2808,1.00%,0.83%,4.70%,$24.2 bn,$832.9 m,2025-06-07 20:40:44
10,Cardano ADA,$0.6635,0.25%,-0.80%,-0.93%,$23.3 bn,$328.7 m,2025-06-07 20:40:44
1,Bitcoin BTC,"$105,438",0.77%,-0.11%,1.66%,$2.1 T,$22.3 bn,2025-06-07 20:45:58
2,Ethereum ETH,"$2,510",0.95%,0.22%,-0.38%,$302.4 bn,$10.2 bn,2025-06-07 20:45:58
3,Tether USDT,$1.00,-0.25%,-0.03%,-0.19%,$139.5 bn,$38.6 bn,2025-06-07 20:45:58
4,XRP XRP,$2.18,0.45%,-0.44%,1.84%,$125.5 bn,$1.1 bn,2025-06-07 20:45:58
5,Binance Coin BNB,$650.19,0.75%,-0.01%,-0.67%,$108.5 bn,$820.7 m,2025-06-07 20:45:58
6,Solana SOL,$150.79,0.79%,-0.89%,-2.70%,$73.4 bn,$1.7 bn,2025-06-07 20:45:58
7,USD Coin USDC,$1.00,-0.02%,-0.01%,-0.02%,$52.2 bn,$3.7 bn,2025-06-07 20:45:58
8,Dogecoin DOGE,$0.1826,1.84%,-2.91%,-3.70%,$27.3 bn,$678.6 m,2025-06-07 20:45:58
9,TRON TRX,$0.2810,1.07%,0.92%,4.69%,$24.2 bn,$831 m,2025-06-07 20:45:58
10,Cardano ADA,$0.6628,0.12%,-0.86%,-1.06%,$23.3 bn,$327.1 m,2025-06-07 20:45:58
1,Bitcoin BTC,"$105,443",0.79%,-0.12%,1.67%,$2.1 T,$22.2 bn,2025-06-07 20:45:58
2,Ethereum ETH,"$2,510",0.94%,0.18%,-0.41%,$302.4 bn,$10.2 bn,2025-06-07 20:45:58
3,Tether USDT,$1.00,-0.23%,-0.03%,-0.17%,$139.6 bn,$38.6 bn,2025-06-07 20:45:58
4,XRP XRP,$2.18,0.42%,-0.53%,1.76%,$125.4 bn,$1.1 bn,2025-06-07 20:45:58
5,Binance Coin BNB,$650.14,0.73%,-0.03%,-0.70%,$108.4 bn,$820.6 m,2025-06-07 20:45:58
6,Solana SOL,$150.78,0.81%,-0.92%,-2.72%,$73.4 bn,$1.7 bn,2025-06-07 20:45:58
7,USD Coin USDC,$1.00,-0.01%,-0.01%,-0.02%,$52.2 bn,$3.7 bn,2025-06-07 20:45:58
8,Dogecoin DOGE,$0.1823,1.70%,-3.11%,-3.86%,$27.2 bn,$682 m,2025-06-07 20:45:58
9,TRON TRX,$0.2810,1.09%,0.94%,4.72%,$24.2 bn,$831.2 m,2025-06-07 20:45:58
10,Cardano ADA,$0.6627,0.15%,-0.89%,-1.09%,$23.3 bn,$326.9 m,2025-06-07 20:45:58
1,Bitcoin BTC,"$105,442",0.79%,-0.20%,1.72%,$2.1 T,$22.2 bn,2025-06-07 20:50:57
2,Ethereum ETH,"$2,511",0.85%,0.07%,-0.36%,$302.5 bn,$10.2 bn,2025-06-07 20:50:57
3,Tether USDT,$1.00,-0.27%,-0.06%,-0.17%,$139.5 bn,$38.5 bn,2025-06-07 20:50:57
4,XRP XRP,$2.17,0.36%,-0.63%,1.91%,$125.3 bn,$1.1 bn,2025-06-07 20:50:57
5,Binance Coin BNB,$649.85,0.65%,-0.10%,-0.66%,$108.4 bn,$818.2 m,2025-06-07 20:50:57
6,Solana SOL,$150.67,0.71%,-1.01%,-2.56%,$73.3 bn,$1.7 bn,2025-06-07 20:50:57
7,USD Coin USDC,$1.00,-0.01%,-0.01%,-0.02%,$52.2 bn,$3.7 bn,2025-06-07 20:50:57
8,Dogecoin DOGE,$0.1827,2.02%,-2.73%,-3.38%,$27.3 bn,$685.4 m,2025-06-07 20:50:57
9,TRON TRX,$0.2810,1.39%,0.88%,4.69%,$24.2 bn,$825.7 m,2025-06-07 20:50:57
10,Cardano ADA,$0.6631,0.18%,-0.91%,-0.82%,$23.3 bn,$326.2 m,2025-06-07 20:50:57
1,Bitcoin BTC,"$105,647",1.00%,0.17%,1.72%,$2.1 T,$22.3 bn,2025-06-07 21:53:49
2,Ethereum ETH,"$2,515",0.88%,0.02%,-0.31%,$303 bn,$10.1 bn,2025-06-07 21:53:49
3,Tether USDT,$1.00,-0.19%,0.05%,-0.14%,$139.6 bn,$38.4 bn,2025-06-07 21:53:49
4,XRP XRP,$2.18,0.36%,-0.35%,1.71%,$125.4 bn,$1.1 bn,2025-06-07 21:53:49
5,Binance Coin BNB,$650.81,1.00%,0.04%,-0.59%,$108.6 bn,$822.1 m,2025-06-07 21:53:49
6,Solana SOL,$150.49,1.17%,-0.72%,-3.07%,$73.2 bn,$1.7 bn,2025-06-07 21:53:49
7,USD Coin USDC,$1.00,-0.01%,0.00%,-0.02%,$52.2 bn,$3.7 bn,2025-06-07 21:53:49
8,Dogecoin DOGE,$0.1827,2.02%,-2.26%,-3.86%,$27.3 bn,$685.6 m,2025-06-07 21:53:49
9,TRON TRX,$0.2843,2.59%,1.82%,5.78%,$24.5 bn,$859.2 m,2025-06-07 21:53:49
10,Cardano ADA,$0.6632,0.23%,-0.73%,-0.89%,$23.3 bn,$323 m,2025-06-07 21:53:49
1,Bitcoin BTC,"$105,611",1.04%,0.15%,1.68%,$2.1 T,$22.3 bn,2025-06-07 21:58:34
2,Ethereum ETH,"$2,515",0.85%,-0.02%,-0.30%,$302.9 bn,$10.1 bn,2025-06-07 21:58:34
3,Tether USDT,$1.00,-0.20%,0.03%,-0.14%,$139.5 bn,$38.4 bn,2025-06-07 21:58:34
4,XRP XRP,$2.17,0.30%,-0.43%,1.70%,$125.3 bn,$1.1 bn,2025-06-07 21:58:34
5,Binance Coin BNB,$650.71,1.00%,0.02%,-0.58%,$108.5 bn,$821.8 m,2025-06-07 21:58:34
6,Solana SOL,$150.42,1.10%,-0.79%,-3.06%,$73.2 bn,$1.7 bn,2025-06-07 21:58:34
7,USD Coin USDC,$1.00,-0.01%,0.00%,-0.02%,$52.2 bn,$3.7 bn,2025-06-07 21:58:34
8,Dogecoin DOGE,$0.1824,1.87%,-2.50%,-3.81%,$27.2 bn,$685 m,2025-06-07 21:58:34
9,TRON TRX,$0.2839,2.41%,1.70%,5.69%,$24.5 bn,$861 m,2025-06-07 21:58:34
10,Cardano ADA,$0.6624,0.04%,-0.82%,-0.91%,$23.3 bn,$323.2 m,2025-06-07 21:58:34
1,Bitcoin BTC,"$105,596",1.02%,0.15%,1.67%,$2.1 T,$22.3 bn,2025-06-07 22:00:20
2,Ethereum ETH,"$2,515",0.85%,-0.01%,-0.30%,$303 bn,$10.1 bn,2025-06-07 22:00:20
3,Tether USDT,$1.00,-0.17%,0.05%,-0.12%,$139.6 bn,$38.4 bn,2025-06-07 22:00:20
4,XRP XRP,$2.17,0.35%,-0.39%,1.73%,$125.3 bn,$1.1 bn,2025-06-07 22:00:20
5,Binance Coin BNB,$650.89,1.04%,0.05%,-0.53%,$108.6 bn,$824.5 m,2025-06-07 22:00:20
6,Solana SOL,$150.46,1.09%,-0.70%,-3.04%,$73.2 bn,$1.7 bn,2025-06-07 22:00:20
7,USD Coin USDC,$1.00,-0.01%,0.00%,-0.02%,$52.2 bn,$3.7 bn,2025-06-07 22:00:20
8,Dogecoin DOGE,$0.1824,1.87%,-2.47%,-3.83%,$27.2 bn,$685 m,2025-06-07 22:00:20
9,TRON TRX,$0.2838,2.36%,1.66%,5.65%,$24.4 bn,$860.6 m,2025-06-07 22:00:20
10,Cardano ADA,$0.6623,0.03%,-0.82%,-0.95%,$23.3 bn,$323.5 m,2025-06-07 22:00:20
1,Bitcoin BTC,"$105,654",1.08%,0.17%,1.76%,$2.1 T,$22.1 bn,2025-06-07 22:11:44
2,Ethereum ETH,"$2,519",0.79%,0.02%,-0.14%,$303.4 bn,$10.1 bn,2025-06-07 22:11:44
3,Tether USDT,$1.00,-0.16%,0.03%,-0.09%,$139.6 bn,$38.1 bn,2025-06-07 22:11:44
4,XRP XRP,$2.18,0.44%,-0.32%,2.01%,$125.5 bn,$1.1 bn,2025-06-07 22:11:44
5,Binance Coin BNB,$651.60,1.04%,0.12%,-0.30%,$108.7 bn,$820.9 m,2025-06-07 22:11:44
6,Solana SOL,$150.81,1.09%,-0.47%,-2.71%,$73.4 bn,$1.7 bn,2025-06-07 22:11:44
7,USD Coin USDC,$1.00,0.00%,0.01%,-0.01%,$52.2 bn,$3.6 bn,2025-06-07 22:11:44
8,Dogecoin DOGE,$0.1829,1.66%,-2.27%,-3.43%,$27.3 bn,$685.3 m,2025-06-07 22:11:44
9,TRON TRX,$0.2840,2.44%,1.79%,5.48%,$24.5 bn,$866.9 m,2025-06-07 22:11:44
10,Cardano ADA,$0.6638,0.06%,-0.77%,-0.43%,$23.4 bn,$323.3 m,2025-06-07 22:11:44
1,Bitcoin BTC,"$105,752",1.21%,0.29%,1.90%,$2.1 T,$22.1 bn,2025-06-07 22:14:50
2,Ethereum ETH,"$2,520",0.97%,0.11%,-0.01%,$303.6 bn,$10.1 bn,2025-06-07 22:14:50
3,Tether USDT,$1.00,-0.19%,0.06%,-0.10%,$139.6 bn,$38.2 bn,2025-06-07 22:14:50
4,XRP XRP,$2.18,0.66%,-0.15%,2.19%,$125.6 bn,$1.1 bn,2025-06-07 22:14:50
5,Binance Coin BNB,$651.80,1.13%,0.21%,-0.25%,$108.7 bn,$826.3 m,2025-06-07 22:14:50
6,Solana SOL,$150.98,1.27%,-0.21%,-2.49%,$73.5 bn,$1.7 bn,2025-06-07 22:14:50
7,USD Coin USDC,$1.00,-0.01%,0.02%,0.00%,$52.2 bn,$3.6 bn,2025-06-07 22:14:50
8,Dogecoin DOGE,$0.1832,1.96%,-2.06%,-3.26%,$27.3 bn,$686.8 m,2025-06-07 22:14:50
9,TRON TRX,$0.2846,2.68%,1.97%,5.69%,$24.5 bn,$875.8 m,2025-06-07 22:14:50
10,Cardano ADA,$0.6646,0.34%,-0.44%,-0.20%,$23.4 bn,$323.9 m,2025-06-07 22:14:50
1,Bitcoin BTC,"$105,814",1.31%,0.31%,2.05%,$2.1 T,$22.2 bn,2025-06-07 22:24:04
2,Ethereum ETH,"$2,521",0.97%,-0.01%,0.07%,$303.7 bn,$10.1 bn,2025-06-07 22:24:04
3,Tether USDT,$1.00,-0.10%,0.06%,-0.10%,$139.6 bn,$38.2 bn,2025-06-07 22:24:04
4,XRP XRP,$2.18,0.52%,-0.14%,2.30%,$125.6 bn,$1.1 bn,2025-06-07 22:24:04
5,Binance Coin BNB,$651.97,1.06%,0.32%,-0.16%,$108.7 bn,$826.2 m,2025-06-07 22:24:04
6,Solana SOL,$151.02,1.12%,-0.21%,-2.36%,$73.5 bn,$1.7 bn,2025-06-07 22:24:04
7,USD Coin USDC,$1.00,0.01%,0.01%,-0.01%,$52.2 bn,$3.6 bn,2025-06-07 22:24:04
8,Dogecoin DOGE,$0.1833,2.07%,-2.18%,-3.21%,$27.4 bn,$687.6 m,2025-06-07 22:24:04
9,TRON TRX,$0.2849,2.77%,1.93%,5.81%,$24.5 bn,$884.3 m,2025-06-07 22:24:04
10,Cardano ADA,$0.6644,0.27%,-0.61%,-0.17%,$23.4 bn,$323.8 m,2025-06-07 22:24:04
1,Bitcoin BTC,"$105,812",1.34%,0.33%,2.04%,$2.1 T,$22.2 bn,2025-06-07 22:28:19
2,Ethereum ETH,"$2,521",0.98%,0.05%,0.06%,$303.8 bn,$10.1 bn,2025-06-07 22:28:19
3,Tether USDT,$1.00,-0.15%,0.02%,-0.15%,$139.6 bn,$38.2 bn,2025-06-07 22:28:19
4,XRP XRP,$2.18,0.55%,-0.12%,2.27%,$125.6 bn,$1.1 bn,2025-06-07 22:28:19
5,Binance Coin BNB,$652.01,1.07%,0.33%,-0.17%,$108.8 bn,$825.8 m,2025-06-07 22:28:19
6,Solana SOL,$151.02,1.11%,-0.20%,-2.38%,$73.5 bn,$1.7 bn,2025-06-07 22:28:19
7,USD Coin USDC,$1.00,0.00%,0.00%,-0.02%,$52.2 bn,$3.6 bn,2025-06-07 22:28:19
8,Dogecoin DOGE,$0.1833,2.10%,-2.16%,-3.24%,$27.4 bn,$687.5 m,2025-06-07 22:28:19
9,TRON TRX,$0.2849,2.84%,1.92%,5.85%,$24.5 bn,$885.1 m,2025-06-07 22:28:19
10,Cardano ADA,$0.6646,0.33%,-0.59%,-0.18%,$23.4 bn,$323.9 m,2025-06-07 22:28:19
